name,price,old_price,rating,reviews,link,page,discount_pct,discount_amount,discount_pct_calc,value_score,brand,price_range,discount_range
Hisense WSPA503 WM 5kg Twin Tub Machine,170000.0,,,,https://www.jumia.com.ng/hisense-wspa503-wm-5kg-twin-tub-machine-71786425.html,1,32.0,,,1.8824,Hisense,₦100k-200k,31-40%
3 Litres Whistling Gas & Stove Kettle,12000.0,,,,https://www.jumia.com.ng/3-litres-whistling-gas-stove-kettle-generic-mpg9623833.html,1,,,,,Generic,₦10k-25k,
Hisense 5kg Manual Washing Machine Twin Tub With Lint Filter,162315.0,,,,https://www.jumia.com.ng/hisense-5kg-manual-washing-machine-twin-tub-with-lint-filter-73456941.html,1,26.0,,,1.6018,Hisense,₦100k-200k,21-30%
Binatone 3 Litres Electric Jug (CEJ-3000) - Black + 2 Years Warranty,31919.0,,,,https://www.jumia.com.ng/binatone-3-litres-electric-jug-cej-3000-black-2-years-warranty-11450074.html,1,36.0,,,11.2785,Binatone,₦25k-50k,31-40%
Legacy 8L Yampounder And Multifunctional Food Machine Cooper Motor,46500.0,,,,https://www.jumia.com.ng/8l-yampounder-and-multifunctional-food-machine-cooper-motor-legacy-mpg11477566.html,1,15.0,,,3.2258,Legacy,₦25k-50k,11-20%
Qasa 2 Litres (QBL-8008 Pro) Commercial Blender,58900.0,,,,https://www.jumia.com.ng/qasa-2-litres-qbl-8008-pro-commercial-blender-46283728.html,1,1.0,,,0.1698,Qasa,₦50k-100k,1-10%
Binatone 1.7 Litres (CEJ-1780) Electric Kettle - White + 2 Years Warranty,22894.0,,,,https://www.jumia.com.ng/binatone-1.7-litres-cej-1780-electric-kettle-white-2-years-warranty-8936693.html,1,43.0,,,18.7822,Binatone,₦10k-25k,41-50%
Binatone Steam Iron (SI-1605) - Blue + 2 Years Warranty,16339.0,,,,https://www.jumia.com.ng/binatone-steam-iron-si-1605-blue-2-years-warranty-22867919.html,1,36.0,,,22.0332,Binatone,₦10k-25k,31-40%
AKAI 4.0kg Washing Machine - Spinning + Draining Function,165000.0,,,,https://www.jumia.com.ng/akai-4.0kg-washing-machine-spinning-draining-function-70586641.html,1,25.0,,,1.5152,AKAI,₦100k-200k,21-30%
ActiveO Bedbug And Insect Killer With Diatomaceous Earth - 500g,12500.0,,,,https://www.jumia.com.ng/bedbug-and-insect-killer-with-diatomaceous-earth-500g-activeo-mpg1593957.html,1,14.0,,,11.2,ActiveO,₦10k-25k,11-20%
"SILVER CREST German Industrial Food Crusher Blender, EXTRA MILL JAR",28000.0,,,,https://www.jumia.com.ng/silver-crest-german-industrial-food-crusher-blender-extra-mill-jar-71791179.html,1,38.0,,,13.5714,SILVER,₦25k-50k,31-40%
Century Quality Electric Spray & Steam Iron.,33000.0,,,,https://www.jumia.com.ng/century-quality-electric-spray-steam-iron.-71788248.html,1,27.0,,,8.1818,Century,₦25k-50k,21-30%
Blender + Electric Cooker + Electric Kettle + Toaster,56000.0,,,,https://www.jumia.com.ng/jumia-bundles-blender-electric-cooker-electric-kettle-toaster-38592353.html,1,14.0,,,2.5,Blender,₦50k-100k,11-20%
"SILVER CREST German Industrial 8500W Food Crusher Blender, EXTRA MILL JAR",31000.0,,,,https://www.jumia.com.ng/silver-crest-german-industrial-8500w-food-crusher-blender-extra-mill-jar-72157761.html,1,31.0,,,10.0,SILVER,₦25k-50k,31-40%
SILVER CREST 2 Litres German Industrial Blender 8500W,31000.0,,,,https://www.jumia.com.ng/silver-crest-2-litres-german-industrial-blender-8500w-72172768.html,1,31.0,,,10.0,SILVER,₦25k-50k,31-40%
Syinix 2.2L Electric Kettle Silver Ske22U1,5994.0,7229.0,3.9 out of 5,3.9 out of 5(10017),https://www.jumia.com.ng/syinix-2.2l-electric-kettle-silver-ske22u1-363941133.html,1,,1235.0,17.08,,Syinix,₦0-10k,
Electric Iron Pressing Clothes 1000W Hansen,6471.0,7095.0,3.8 out of 5,3.8 out of 5(4787),https://www.jumia.com.ng/electric-iron-pressing-clothes-1000w-hansen-mpg11131816.html,1,,624.0,8.79,,Hansen,₦0-10k,
Tropicwhirl Dry Iron 1000W White Blue,8940.0,,3.8 out of 5,3.8 out of 5(1165),https://www.jumia.com.ng/tropicwhirl-dry-iron-1000w-white-blue-418394176.html,1,,,,,Tropicwhirl,₦0-10k,
Binatone Dry Iron Di1255 2 Years Warranty,13759.0,16515.0,4 out of 5,4 out of 5(3328),https://www.jumia.com.ng/binatone-dry-iron-di1255-2-years-warranty-102988845.html,1,,2756.0,16.69,,Binatone,₦10k-25k,
Boscon 1.8 Liters Powerful Fast Heating Electric Jug Kettle,6353.0,7066.0,4 out of 5,4 out of 5(780),https://www.jumia.com.ng/boscon-1.8-liters-powerful-fast-heating-electric-jug-kettle-404625787.html,1,,713.0,10.09,,Boscon,₦0-10k,
Sonik Inverter Friendly Solar Pressing Iron 250W,12800.0,20000.0,4.4 out of 5,4.4 out of 5(188),https://www.jumia.com.ng/sonik-inverter-friendly-solar-pressing-iron-250w-408401756.html,1,,7200.0,36.0,,Sonik,₦10k-25k,
Ridax Bedbugs Killer Spray,11330.0,14000.0,4.2 out of 5,4.2 out of 5(144),https://www.jumia.com.ng/ridax-bedbugs-killer-spray-404625724.html,1,,2670.0,19.07,,Ridax,₦10k-25k,
Syinix 2L Mega Crusher 1500W Heavy Duty Industrial Multipurpose Blender Pure Copper Motor,48424.0,53266.0,4.5 out of 5,4.5 out of 5(25),https://www.jumia.com.ng/syinix-2l-mega-crusher-1500w-heavy-duty-industrial-multipurpose-blender-pure-copper-motor-418560007.html,1,,4842.0,9.09,,Syinix,₦25k-50k,
Acdc Inverter Friendly Solar Pressing Iron 250W Sonik,13300.0,14000.0,4.3 out of 5,4.3 out of 5(124),https://www.jumia.com.ng/acdc-inverter-friendly-solar-pressing-iron-250w-sonik-mpg11508235.html,1,,700.0,5.0,,Sonik,₦10k-25k,
8 In 1 Multi Purpose Grinder 4.0L 9500W Bardefu,65000.0,95000.0,3.7 out of 5,3.7 out of 5(79),https://www.jumia.com.ng/8-in-1-multi-purpose-grinder-4.0l-9500w-bardefu-mpg11939409.html,1,,30000.0,31.58,,Bardefu,₦50k-100k,
Qasa Acdc Dry Iron 300W Inverter Frendly Qdl 300,12000.0,25000.0,4.4 out of 5,4.4 out of 5(153),https://www.jumia.com.ng/qasa-acdc-dry-iron-300w-inverter-frendly-qdl-300-408854931.html,1,,13000.0,52.0,,Qasa,₦10k-25k,
Generic 3 In 1 Mini Dry Portable Handheld Usb Rechargeable Wireless Car Vacuum Cleaner,6854.0,10430.0,3.2 out of 5,3.2 out of 5(79),https://www.jumia.com.ng/generic-3-in-1-mini-dry-portable-handheld-usb-rechargeable-wireless-car-vacuum-cleaner-373873355.html,1,,3576.0,34.29,,Generic,₦0-10k,
Taigexin Hanging Electric Mosquito Insect Killer Range Lamp 6W,14900.0,35900.0,4 out of 5,4 out of 5(33),https://www.jumia.com.ng/taigexin-hanging-electric-mosquito-insect-killer-range-lamp-6w-418490861.html,1,,21000.0,58.5,,Taigexin,₦10k-25k,
Binatone 1.5 Litres Blg 403 Blender Black 2 Years Warranty,33733.0,40480.0,4.1 out of 5,4.1 out of 5(127),https://www.jumia.com.ng/binatone-1.5-litres-blg-403-blender-black-2-years-warranty-16292546.html,1,,6747.0,16.67,,Binatone,₦25k-50k,
Silver Crest 9.0 Litres Yam Pounder Food Processor,43000.0,55000.0,3.9 out of 5,3.9 out of 5(223),https://www.jumia.com.ng/silver-crest-9.0-litres-yam-pounder-food-processor-98326930.html,1,,12000.0,21.82,,SILVER,₦25k-50k,
Smooth Gliding Steam Iron Si 2410 Binatone,32205.0,38650.0,4.5 out of 5,4.5 out of 5(160),https://www.jumia.com.ng/smooth-gliding-steam-iron-si-2410-binatone-mpg1662357.html,1,,6445.0,16.68,,Binatone,₦25k-50k,
Nine 1.8L Electric Kettle Sh 01,8075.0,8500.0,4.1 out of 5,4.1 out of 5(184),https://www.jumia.com.ng/nine-1.8l-electric-kettle-sh-01-280233718.html,1,,425.0,5.0,,Nine,₦0-10k,
Generic Electric Iron Multifunctional Dry Ironing Black,13904.0,23500.0,3.3 out of 5,3.3 out of 5(47),https://www.jumia.com.ng/generic-electric-iron-multifunctional-dry-ironing-black-362550423.html,1,,9596.0,40.83,,Generic,₦10k-25k,
Generic Double Sided Glass Cleaning Tool For Windows Mirrors And Shower Doors,17880.0,29800.0,5 out of 5,5 out of 5(2),https://www.jumia.com.ng/generic-double-sided-glass-cleaning-tool-for-windows-mirrors-and-shower-doors-418821529.html,1,,11920.0,40.0,,Generic,₦10k-25k,
Generic Solar Inverter Low Voltage Generator Friendly Pressing Iron,13240.0,20000.0,4.4 out of 5,4.4 out of 5(56),https://www.jumia.com.ng/generic-solar-inverter-low-voltage-generator-friendly-pressing-iron-418650165.html,1,,6760.0,33.8,,Generic,₦10k-25k,
Orvica Ultraglide Steam Iron Dry Iron Energy Efficient Pro Steam Technology Infused Ceramic Soleplate Nonstick Variable Temperature And Self Clean Function.,14146.0,25000.0,3.7 out of 5,3.7 out of 5(88),https://www.jumia.com.ng/orvica-ultraglide-steam-iron-dry-iron-energy-efficient-pro-steam-technology-infused-ceramic-soleplate-nonstick-variable-temperature-and-self-clean-function.-413268323.html,1,,10854.0,43.42,,Orvica,₦10k-25k,
Generic Electric Cup Mini Electric Cooking Pot All In One,5409.0,11622.0,3.5 out of 5,3.5 out of 5(169),https://www.jumia.com.ng/generic-electric-cup-mini-electric-cooking-pot-all-in-one-271855178.html,1,,6213.0,53.46,,Generic,₦0-10k,
Timbutus Wireless Vacuum Cleaner Rechargeable For Car Home 120W,21605.0,34270.0,4.1 out of 5,4.1 out of 5(81),https://www.jumia.com.ng/timbutus-wireless-vacuum-cleaner-rechargeable-for-car-home-120w-363472816.html,1,,12665.0,36.96,,Timbutus,₦10k-25k,
1.7 Litres Auto Stop Electric Kettle Cej 1750 Redwhite Binatone,23810.0,28575.0,4.5 out of 5,4.5 out of 5(310),https://www.jumia.com.ng/1.7-litres-auto-stop-electric-kettle-cej-1750-redwhite-binatone-mpg11456726.html,1,,4765.0,16.68,,Binatone,₦10k-25k,
Generic Lm No More Sweat Premium Auto Grinde For Meat Grinder Fufu Pounding Machine,17714.0,71883.0,3.6 out of 5,3.6 out of 5(16),https://www.jumia.com.ng/generic-lm-no-more-sweat-premium-auto-grinde-for-meat-grinder-fufu-pounding-machine-409001748.html,1,,54169.0,75.36,,Generic,₦10k-25k,
Mythco Bug Zapper Racket 2 In 1 Electric Fly Swatter Usb Rechargeable 4000V High Voltage Mosquito Killer With 180 Rotation 3 Layer Safety Net For Indoor Outdoor Use,8278.0,29800.0,3.3 out of 5,3.3 out of 5(8),https://www.jumia.com.ng/mythco-bug-zapper-racket-2-in-1-electric-fly-swatter-usb-rechargeable-4000v-high-voltage-mosquito-killer-with-180-rotation-3-layer-safety-net-for-indoor-outdoor-use-418622011.html,1,,21522.0,72.22,,Mythco,₦0-10k,
Generic Handheld Cordless Car Vacuum Cleaner Portable Rechargeable,7450.0,22350.0,3.2 out of 5,3.2 out of 5(6),https://www.jumia.com.ng/generic-handheld-cordless-car-vacuum-cleaner-portable-rechargeable-418573875.html,1,,14900.0,66.67,,Generic,₦0-10k,
Sonik Electric Insect Killer40W,39376.0,45900.0,5 out of 5,5 out of 5(2),https://www.jumia.com.ng/sonik-electric-insect-killer40w-104733335.html,1,,6524.0,14.21,,Sonik,₦25k-50k,
Generic Powerful 8L Food Processor Yam Pounder Machine,37745.0,95000.0,3.4 out of 5,3.4 out of 5(5),https://www.jumia.com.ng/generic-powerful-8l-food-processor-yam-pounder-machine-401072276.html,1,,57255.0,60.27,,Generic,₦25k-50k,
Nine 3Ltr Yam Pounder Food Processor Sr Jrj 3,18050.0,19000.0,3.4 out of 5,3.4 out of 5(19),https://www.jumia.com.ng/nine-3ltr-yam-pounder-food-processor-sr-jrj-3-415875965.html,1,,950.0,5.0,,Nine,₦10k-25k,
Qasa 2L Litres 500W Blender Grinder Qbl 20L40 Eco,26600.0,40500.0,4 out of 5,4 out of 5(42),https://www.jumia.com.ng/qasa-2l-litres-500w-blender-grinder-qbl-20l40-eco-411766621.html,1,,13900.0,34.32,,Qasa,₦25k-50k,
Timbutus Portable Cordless Vacuum Cleaner For Car Home 120W,8742.0,22350.0,3.5 out of 5,3.5 out of 5(15),https://www.jumia.com.ng/timbutus-portable-cordless-vacuum-cleaner-for-car-home-120w-413746125.html,1,,13608.0,60.89,,Timbutus,₦0-10k,
Generic 10Pc Super Active Cockroach Insect Killer Repellant,2840.0,2990.0,5 out of 5,5 out of 5(4),https://www.jumia.com.ng/generic-10pc-super-active-cockroach-insect-killer-repellant-418684276.html,1,,150.0,5.02,,Generic,₦0-10k,
Generic Usb Folding Handheld Indoor Outdoor Mosquito Swatters,9403.0,19370.0,3.7 out of 5,3.7 out of 5(15),https://www.jumia.com.ng/generic-usb-folding-handheld-indoor-outdoor-mosquito-swatters-418180568.html,1,,9967.0,51.46,,Generic,₦0-10k,
Teknocool Cordless Electric Kettle Jug Free Gift Inside,7990.0,55000.0,3.7 out of 5,3.7 out of 5(61),https://www.jumia.com.ng/teknocool-cordless-electric-kettle-jug-free-gift-inside-388958106.html,1,,47010.0,85.47,,Teknocool,₦0-10k,
Generic Rechargeable Electric Shock Mosquito Killer Lamp,11352.0,11950.0,4.2 out of 5,4.2 out of 5(5),https://www.jumia.com.ng/generic-rechargeable-electric-shock-mosquito-killer-lamp-418572920.html,1,,598.0,5.0,,Generic,₦10k-25k,
Syinix Swallow Maker Fully Automatic Fufuebayam Pounder,112942.0,175299.0,4.4 out of 5,4.4 out of 5(143),https://www.jumia.com.ng/syinix-swallow-maker-fully-automatic-fufuebayam-pounder-288550293.html,1,,62357.0,35.57,,Syinix,₦100k-200k,
Generic Stainless Steel Whistling Kettlegass Stove Free Brush,,,4.4 out of 5,4.4 out of 5(8),https://www.jumia.com.ng/generic-stainless-steel-whistling-kettlegass-stove-free-brush-336457569.html,1,,,,,Generic,,
Generic Rechargeable Electric Shock Mosquito Killing Lamp Household Portable,8925.0,22350.0,4.7 out of 5,4.7 out of 5(3),https://www.jumia.com.ng/generic-rechargeable-electric-shock-mosquito-killing-lamp-household-portable-419096858.html,1,,13425.0,60.07,,Generic,₦0-10k,
Generic Intelligent Rechargeable Mosquito Swatter,7741.0,18041.0,3.6 out of 5,3.6 out of 5(19),https://www.jumia.com.ng/generic-intelligent-rechargeable-mosquito-swatter-408161111.html,1,,10300.0,57.09,,Generic,₦0-10k,
Addigoes 2 In 1 Electric Mosquito Swatter Lamp Rechargeable Insect Repellent With Triple Safety Mesh Led Indicator Anti Shock Design For Night Use,9998.0,21411.0,3.7 out of 5,3.7 out of 5(25),https://www.jumia.com.ng/addigoes-2-in-1-electric-mosquito-swatter-lamp-rechargeable-insect-repellent-with-triple-safety-mesh-led-indicator-anti-shock-design-for-night-use-403884289.html,2,,11413.0,53.3,,Addigoes,₦0-10k,
Generic Lm Multifunctional And Portable Small Electric Mixer,2995.0,8225.0,1.7 out of 5,1.7 out of 5(3),https://www.jumia.com.ng/generic-lm-multifunctional-and-portable-small-electric-mixer-418655088.html,2,,5230.0,63.59,,Generic,₦0-10k,
Generic Powerful Fast Heating Electric Jug Kettle 2.0L,9025.0,25000.0,4.3 out of 5,4.3 out of 5(3),https://www.jumia.com.ng/generic-powerful-fast-heating-electric-jug-kettle-2.0l-263075540.html,2,,15975.0,63.9,,Generic,₦0-10k,
Generic Rechargeable Cordless Wet And Dry Vacuum Cleaner,23550.0,32012.0,4.2 out of 5,4.2 out of 5(112),https://www.jumia.com.ng/generic-rechargeable-cordless-wet-and-dry-vacuum-cleaner-150467788.html,2,,8462.0,26.43,,Generic,₦10k-25k,
Qasa Blender Power Efficient 350W Qbl 18L40,28500.0,38000.0,4.4 out of 5,4.4 out of 5(13),https://www.jumia.com.ng/qasa-blender-power-efficient-350w-qbl-18l40-401710809.html,2,,9500.0,25.0,,Qasa,₦25k-50k,
Nine 1.8L Electric Kettle Sh 03,12824.0,13499.0,4.3 out of 5,4.3 out of 5(88),https://www.jumia.com.ng/nine-1.8l-electric-kettle-sh-03-279926314.html,2,,675.0,5.0,,Nine,₦10k-25k,
Electric Mosquito Insect Killer Range Lamp 6W Taigexin,14900.0,35900.0,3.6 out of 5,3.6 out of 5(16),https://www.jumia.com.ng/electric-mosquito-insect-killer-range-lamp-6w-taigexin-mpg11183923.html,2,,21000.0,58.5,,Taigexin,₦10k-25k,
Silver Crest 10000 Watts Multifunctional Commercial Blender With Dry Mill,28880.0,45000.0,2.5 out of 5,2.5 out of 5(2),https://www.jumia.com.ng/silver-crest-10000-watts-multifunctional-commercial-blender-with-dry-mill-67984734.html,2,,16120.0,35.82,,SILVER,₦25k-50k,
Addigoes 5L Yam Pounder 3 Speed 500W Electric Meat Grinder Household Meat Grinder Electric Food Chopper Multi Function Food Processor Meat Grinder With Handle To Meet The Needs Of Familyparty And Other Occasions,36958.0,94272.0,4.5 out of 5,4.5 out of 5(4),https://www.jumia.com.ng/addigoes-5l-yam-pounder-3-speed-500w-electric-meat-grinder-household-meat-grinder-electric-food-chopper-multi-function-food-processor-meat-grinder-with-handle-to-meet-the-needs-of-familyparty-and-other-occasions-418511325.html,2,,57314.0,60.8,,Addigoes,₦25k-50k,
Nine 3L Yam Pounder Food Processorsr Jrj 3,18525.0,19500.0,3.7 out of 5,3.7 out of 5(31),https://www.jumia.com.ng/nine-3l-yam-pounder-food-processorsr-jrj-3-415677899.html,2,,975.0,5.0,,Nine,₦10k-25k,
Pyramid Electric Kettle 2.2L Silver,12200.0,20000.0,4.4 out of 5,4.4 out of 5(106),https://www.jumia.com.ng/pyramid-electric-kettle-2.2l-silver-253575450.html,2,,7800.0,39.0,,SILVER,₦10k-25k,
Qasa Energy Saving And Inverter Dry Iron 300 Watts Qdl 300,14300.0,,4.3 out of 5,4.3 out of 5(134),https://www.jumia.com.ng/qasa-energy-saving-and-inverter-dry-iron-300-watts-qdl-300-311662749.html,2,,,,,Qasa,₦10k-25k,
Nine Electric Food Mixer 3 Speeds Wireless Portable Automatic Whisk Butter Egg Beater Baking Cake Whipper Kitchen Hand Blender Automatic Whisk Butter Egg Beater Baking Cake Whipper Kitchen Hand Blender,8265.0,8700.0,4.1 out of 5,4.1 out of 5(9),https://www.jumia.com.ng/nine-electric-food-mixer-3-speeds-wireless-portable-automatic-whisk-butter-egg-beater-baking-cake-whipper-kitchen-hand-blender-automatic-whisk-butter-egg-beater-baking-cake-whipper-kitchen-hand-blender-415680846.html,2,,435.0,5.0,,Nine,₦0-10k,
Silver Crest 9.0Litres Yam Pounder Food Processor,43000.0,56000.0,4.4 out of 5,4.4 out of 5(29),https://www.jumia.com.ng/silver-crest-9.0litres-yam-pounder-food-processor-75675793.html,2,,13000.0,23.21,,SILVER,₦25k-50k,
Generic Portable Handheld Vacuum Cleaner High Power Strong Suction,30200.0,41748.0,3.5 out of 5,3.5 out of 5(17),https://www.jumia.com.ng/generic-portable-handheld-vacuum-cleaner-high-power-strong-suction-257936066.html,2,,11548.0,27.66,,Generic,₦25k-50k,
Generic Iron Teflon Shoe,7600.0,8000.0,5 out of 5,5 out of 5(3),https://www.jumia.com.ng/generic-iron-teflon-shoe-407678056.html,2,,400.0,5.0,,Generic,₦0-10k,
Generic Iron Multifunctional Dry Ironing Steaming 1800W Black,18500.0,26820.0,4.1 out of 5,4.1 out of 5(17),https://www.jumia.com.ng/generic-iron-multifunctional-dry-ironing-steaming-1800w-black-362550563.html,2,,8320.0,31.02,,Generic,₦10k-25k,
Generic Rechargeable Electric Mosquito Killer Bat Swatter1200Mah,10010.0,14528.0,4 out of 5,4 out of 5(1),https://www.jumia.com.ng/generic-rechargeable-electric-mosquito-killer-bat-swatter1200mah-408154795.html,2,,4518.0,31.1,,Generic,₦10k-25k,
Sonik Electric Insect Killer12W,28310.0,35000.0,4.5 out of 5,4.5 out of 5(2),https://www.jumia.com.ng/sonik-electric-insect-killer12w-104733604.html,2,,6690.0,19.11,,Sonik,₦25k-50k,
Deadbug Deadbug Organic Cockroach Killer 50Ml X 2 Pieces Food Bait,8549.0,10999.0,5 out of 5,5 out of 5(2),https://www.jumia.com.ng/deadbug-deadbug-organic-cockroach-killer-50ml-x-2-pieces-food-bait-391071859.html,2,,2450.0,22.27,,Generic,₦0-10k,
Sonik Electric Insect Killer30W,39899.0,42500.0,,,https://www.jumia.com.ng/sonik-electric-insect-killer30w-104733295.html,2,,2601.0,6.12,,Sonik,₦25k-50k,
Deadbug Deadbug Organic Rat Bait Balls,5224.0,7499.0,4 out of 5,4 out of 5(2),https://www.jumia.com.ng/deadbug-deadbug-organic-rat-bait-balls-365432030.html,2,,2275.0,30.34,,Generic,₦0-10k,
Generic Premium Luxury Mosquito Zapper 1 Electric Bug Fly Killer 4200V High Voltage 3 Prong Plug Indoor Outdoor Use Durable Abs Plastic 220V 240V Black,39515.0,104300.0,5 out of 5,5 out of 5(2),https://www.jumia.com.ng/generic-premium-luxury-mosquito-zapper-1-electric-bug-fly-killer-4200v-high-voltage-3-prong-plug-indoor-outdoor-use-durable-abs-plastic-220v-240v-black-418079140.html,2,,64785.0,62.11,,Generic,₦25k-50k,
Food Processor And Yam Pounding Machine Century,73000.0,75000.0,4.1 out of 5,4.1 out of 5(49),https://www.jumia.com.ng/food-processor-and-yam-pounding-machine-century-mpg1240790.html,2,,2000.0,2.67,,Century,₦50k-100k,
Generic Usb Powered Electric Shock Mosquito Killer,3325.0,3500.0,2.7 out of 5,2.7 out of 5(3),https://www.jumia.com.ng/generic-usb-powered-electric-shock-mosquito-killer-418622995.html,2,,175.0,5.0,,Generic,₦0-10k,
Generic Usb Electric Mosquito Killer Lamp Powerful Mosquito Killer,17475.0,18433.0,3.5 out of 5,3.5 out of 5(2),https://www.jumia.com.ng/generic-usb-electric-mosquito-killer-lamp-powerful-mosquito-killer-344619980.html,2,,958.0,5.2,,Generic,₦10k-25k,
Legacy Yam Pounder Tiger Nut Grinder Any Dry Grinding 8.0L,44365.0,67000.0,4 out of 5,4 out of 5(1),https://www.jumia.com.ng/legacy-yam-pounder-tiger-nut-grinder-any-dry-grinding-8.0l-122044993.html,2,,22635.0,33.78,,Legacy,₦25k-50k,
Nine 1.8L Electric Kettle Sh 02,12824.0,13499.0,4.1 out of 5,4.1 out of 5(48),https://www.jumia.com.ng/nine-1.8l-electric-kettle-sh-02-279926809.html,2,,675.0,5.0,,Nine,₦10k-25k,
Organic Cockroach Killer Buy 3 Get 1 Free Deadbug,12349.0,16999.0,3.7 out of 5,3.7 out of 5(7),https://www.jumia.com.ng/organic-cockroach-killer-buy-3-get-1-free-deadbug-mpg9209043.html,2,,4650.0,27.35,,Organic,₦10k-25k,
Binatone 1.5 Litres Blg 620 Blendergrinder With Stick Black,43900.0,86120.0,4.1 out of 5,4.1 out of 5(47),https://www.jumia.com.ng/binatone-1.5-litres-blg-620-blendergrinder-with-stick-black-16641656.html,2,,42220.0,49.02,,Binatone,₦25k-50k,
Generic Mini Compact Portable Car Vacuum Cleaner For Car And Home Usb Wireless Rechargeable,10666.0,14900.0,3.5 out of 5,3.5 out of 5(2),https://www.jumia.com.ng/generic-mini-compact-portable-car-vacuum-cleaner-for-car-and-home-usb-wireless-rechargeable-418458531.html,2,,4234.0,28.42,,Generic,₦10k-25k,
Generic 360 Uv Light Electric Mosquito Killer Lamp Rechargeable Shock Mosquito Zapper For Bedroom Camping,14597.0,19110.0,,,https://www.jumia.com.ng/generic-360-uv-light-electric-mosquito-killer-lamp-rechargeable-shock-mosquito-zapper-for-bedroom-camping-418842339.html,2,,4513.0,23.62,,Generic,₦10k-25k,
Pinnacle 8.5Litres Yam Pounderfood Processor 3200W,45000.0,67000.0,3.9 out of 5,3.9 out of 5(8),https://www.jumia.com.ng/pinnacle-8.5litres-yam-pounderfood-processor-3200w-180243207.html,2,,22000.0,32.84,,Pinnacle,₦25k-50k,
Generic Yam Pounder And Multifunctional Food Machine Big Bowl,45000.0,65000.0,4.8 out of 5,4.8 out of 5(10),https://www.jumia.com.ng/generic-yam-pounder-and-multifunctional-food-machine-big-bowl-249088709.html,2,,20000.0,30.77,,Generic,₦25k-50k,
Silver Crest 8Litres Silvercrest German Yam Pounderfood Processor 3500W,75000.0,95000.0,,,https://www.jumia.com.ng/silver-crest-8litres-silvercrest-german-yam-pounderfood-processor-3500w-212483415.html,2,,20000.0,21.05,,SILVER,₦50k-100k,
Gourmet Multifunctional Food Processoryam Pounder 3L,25999.0,30000.0,3.2 out of 5,3.2 out of 5(6),https://www.jumia.com.ng/gourmet-multifunctional-food-processoryam-pounder-3l-404317199.html,2,,4001.0,13.34,,Gourmet,₦25k-50k,
Generic Iron Teflon 2 Pieces,12350.0,13000.0,,,https://www.jumia.com.ng/generic-iron-teflon-2-pieces-418752227.html,2,,650.0,5.0,,Generic,₦10k-25k,
Generic 3 In 1 Type C Rechargeable Electric Blendermixerfood Choppergrinder Milky Color2304 Stainless Steel Tritan Bpa Free Beaters For Whipping Eggscreamgrind Spicesmixing Baby Foodportable Kitchen Helper For Baking Cooking Gifts For Wife,17640.0,58800.0,,,https://www.jumia.com.ng/generic-3-in-1-type-c-rechargeable-electric-blendermixerfood-choppergrinder-milky-color2304-stainless-steel-tritan-bpa-free-beaters-for-whipping-eggscreamgrind-spicesmixing-baby-foodportable-kitchen-helper-for-baking-cooking-gifts-for-wife-418865322.html,2,,41160.0,70.0,,Generic,₦10k-25k,
Deadbug Bedbug Magic Powder No Chemical All Natural 10G X 3,4559.0,6499.0,3.5 out of 5,3.5 out of 5(17),https://www.jumia.com.ng/deadbug-bedbug-magic-powder-no-chemical-all-natural-10g-x-3-216668048.html,2,,1940.0,29.85,,Generic,₦0-10k,
Fast Heating Electric Jug Kettle Generic,8550.0,15000.0,5 out of 5,5 out of 5(1),https://www.jumia.com.ng/fast-heating-electric-jug-kettle-generic-mpg9589759.html,3,,6450.0,43.0,,Fast,₦0-10k,
Syinix 5L Stainless Electric Yam Pounding Machine Cooker Pounder,155999.0,160000.0,4 out of 5,4 out of 5(1),https://www.jumia.com.ng/syinix-5l-stainless-electric-yam-pounding-machine-cooker-pounder-216264826.html,3,,4001.0,2.5,,Syinix,₦100k-200k,
Deadbug Organic No Chemical Bedbug Killer 2 Bottles,9024.0,11499.0,3.8 out of 5,3.8 out of 5(12),https://www.jumia.com.ng/deadbug-organic-no-chemical-bedbug-killer-2-bottles-264007385.html,3,,2475.0,21.52,,Generic,₦0-10k,
Two 2 Flexible Usb Led Lights For Computers Keyboards Generic,2185.0,10900.0,4.4 out of 5,4.4 out of 5(7),https://www.jumia.com.ng/two-2-flexible-usb-led-lights-for-computers-keyboards-generic-mpg9596932.html,3,,8715.0,79.95,,Generic,₦0-10k,
Generic Quality Rechargeable Electric Mosquito Killer Bat Swatter,11500.0,12599.0,5 out of 5,5 out of 5(1),https://www.jumia.com.ng/generic-quality-rechargeable-electric-mosquito-killer-bat-swatter-262921684.html,3,,1099.0,8.72,,Generic,₦10k-25k,
World Most Fastest Hot Water Heater Kettle Itel,8450.0,18790.0,4.2 out of 5,4.2 out of 5(120),https://www.jumia.com.ng/world-most-fastest-hot-water-heater-kettle-itel-mpg3885250.html,3,,10340.0,55.03,,Generic,₦0-10k,
Legacy 8.0Litres Yam Pounder Food Processor 2800,54000.0,65000.0,,,https://www.jumia.com.ng/legacy-8.0litres-yam-pounder-food-processor-2800-104756228.html,3,,11000.0,16.92,,Legacy,₦50k-100k,
Generic Rechargeable Usb Powered Mosquito Repellant,7410.0,7800.0,,,https://www.jumia.com.ng/generic-rechargeable-usb-powered-mosquito-repellant-418541676.html,3,,390.0,5.0,,Generic,₦0-10k,
Generic Super Foldable Collapsible Mini Silicone Electric Kettle,11040.0,11500.0,2 out of 5,2 out of 5(4),https://www.jumia.com.ng/generic-super-foldable-collapsible-mini-silicone-electric-kettle-401966340.html,3,,460.0,4.0,,Generic,₦10k-25k,
Generic Stainless Steel Quality Kettlegass Stove Free Brush,,,,,https://www.jumia.com.ng/generic-stainless-steel-quality-kettlegass-stove-free-brush-358010758.html,3,,,,,Generic,,
Food Processor And Yam Pounder 1000W Century,54000.0,55000.0,4 out of 5,4 out of 5(4),https://www.jumia.com.ng/food-processor-and-yam-pounder-1000w-century-mpg1238372.html,3,,1000.0,1.82,,Century,₦50k-100k,
Generic Stainless Steel Boiling Water Kettle For Gas Stove 4 Litres,17100.0,18000.0,4.5 out of 5,4.5 out of 5(2),https://www.jumia.com.ng/generic-stainless-steel-boiling-water-kettle-for-gas-stove-4-litres-407383855.html,3,,900.0,5.0,,Generic,₦10k-25k,
Tower Aluminium Kettle 3 Litre,9310.0,9800.0,3 out of 5,3 out of 5(2),https://www.jumia.com.ng/tower-aluminium-kettle-3-litre-407234871.html,3,,490.0,5.0,,Tower,₦0-10k,
1000W Home Solar Lighting System For Tv Laptop And Lights Souer,124999.0,250000.0,4.8 out of 5,4.8 out of 5(5),https://www.jumia.com.ng/1000w-home-solar-lighting-system-for-tv-laptop-and-lights-souer-mpg7423958.html,3,,125001.0,50.0,,1000W,₦100k-200k,
Generic 4 Litres Whistling Kettle And 1 Free Dish Washing Liquid Soap Brush,16055.0,16900.0,,,https://www.jumia.com.ng/generic-4-litres-whistling-kettle-and-1-free-dish-washing-liquid-soap-brush-367415913.html,3,,845.0,5.0,,Generic,₦10k-25k,
Generic 12 Litre Multifunction Fufu Yam Pounderfood Processor,72000.0,,3.5 out of 5,3.5 out of 5(2),https://www.jumia.com.ng/generic-12-litre-multifunction-fufu-yam-pounderfood-processor-80677874.html,3,,,,,Generic,₦50k-100k,
Electric Kettle 5.2 Litres Master Chef,41705.0,43900.0,5 out of 5,5 out of 5(2),https://www.jumia.com.ng/electric-kettle-5.2-litres-master-chef-mpg2945160.html,3,,2195.0,5.0,,Generic,₦25k-50k,
Generic Yam Pounder And Food Chopper 8Lt,37999.0,,4.2 out of 5,4.2 out of 5(11),https://www.jumia.com.ng/generic-yam-pounder-and-food-chopper-8lt-401670258.html,3,,,,,Generic,₦25k-50k,
1.7 Electric Kettle Jug 1700Watts Ike17E1 Itel,7990.0,35000.0,3.9 out of 5,3.9 out of 5(15),https://www.jumia.com.ng/1.7-electric-kettle-jug-1700watts-ike17e1-itel-mpg3411939.html,3,,27010.0,77.17,,1.7,₦0-10k,
Generic 6Ltr Yam Pounder Meat Grinder Fruits Nut Beans Blender,38000.0,,4.5 out of 5,4.5 out of 5(2),https://www.jumia.com.ng/generic-6ltr-yam-pounder-meat-grinder-fruits-nut-beans-blender-90712583.html,3,,,,,Generic,₦25k-50k,
Deadbug Organic No Chemical Bedbug Killer 4 Bottles,14249.0,19999.0,4 out of 5,4 out of 5(8),https://www.jumia.com.ng/deadbug-organic-no-chemical-bedbug-killer-4-bottles-264007251.html,3,,5750.0,28.75,,Generic,₦10k-25k,
Generic Cordless Pressure Gun Washer Portable High Power Washer Gun Rechargeable High Pressure Water Spray Gun Car Washer Cleaner Garden Washer 48V,,,1 out of 5,1 out of 5(1),https://www.jumia.com.ng/generic-cordless-pressure-gun-washer-portable-high-power-washer-gun-rechargeable-high-pressure-water-spray-gun-car-washer-cleaner-garden-washer-48v-412879093.html,3,,,,,Generic,,
Generic Century Food Processor And Yam Pounder 1000Watts,85500.0,,,,https://www.jumia.com.ng/generic-century-food-processor-and-yam-pounder-1000watts-401651238.html,3,,,,,Generic,₦50k-100k,
Nine 1.5L Black Kettle Stainless Steel Hr 462,9974.0,10499.0,3 out of 5,3 out of 5(2),https://www.jumia.com.ng/nine-1.5l-black-kettle-stainless-steel-hr-462-291719362.html,3,,525.0,5.0,,Nine,₦0-10k,
Nine 3L Yam Pounder Food Processor Sr Jrj 3,18525.0,19500.0,3.7 out of 5,3.7 out of 5(90),https://www.jumia.com.ng/nine-3l-yam-pounder-food-processor-sr-jrj-3-272105402.html,3,,975.0,5.0,,Nine,₦10k-25k,
Generic Beautiful Valentines Day Gift,15200.0,25000.0,,,https://www.jumia.com.ng/generic-beautiful-valentines-day-gift-419169215.html,3,,9800.0,39.2,,Generic,₦10k-25k,
Generic World Global Map Earth Teaching Geography Map,43225.0,45500.0,5 out of 5,5 out of 5(1),https://www.jumia.com.ng/generic-world-global-map-earth-teaching-geography-map-266961886.html,3,,2275.0,5.0,,Generic,₦25k-50k,
Generic Stainless Steel Whistling Kettle 4 Litres For Stove And Gas Use,15105.0,25000.0,,,https://www.jumia.com.ng/generic-stainless-steel-whistling-kettle-4-litres-for-stove-and-gas-use-346558428.html,3,,9895.0,39.58,,Generic,₦10k-25k,
Deadbug Organic Cockroach Killer Buy 4 Get 1 Free Odorless,14249.0,19999.0,3 out of 5,3 out of 5(2),https://www.jumia.com.ng/deadbug-organic-cockroach-killer-buy-4-get-1-free-odorless-100000960.html,3,,5750.0,28.75,,Generic,₦10k-25k,
8.0Litres Yam Pounderfood Processor 2800W Legacy,43000.0,55000.0,3.8 out of 5,3.8 out of 5(4),https://www.jumia.com.ng/8.0litres-yam-pounderfood-processor-2800w-legacy-mpg6261091.html,3,,12000.0,21.82,,Legacy,₦25k-50k,
Generic Philip Electric Iron,42750.0,45000.0,,,https://www.jumia.com.ng/generic-philip-electric-iron-402486264.html,3,,2250.0,5.0,,Generic,₦25k-50k,
Deadbug Bedbug Magic Powder X 5 Pcs No Chemical,5604.0,8999.0,5 out of 5,5 out of 5(2),https://www.jumia.com.ng/deadbug-bedbug-magic-powder-x-5-pcs-no-chemical-391092761.html,3,,3395.0,37.73,,Generic,₦0-10k,
Yam Pounder And Multifunctional Food Machine 6L Bowl King Style,38500.0,,3.8 out of 5,3.8 out of 5(5),https://www.jumia.com.ng/yam-pounder-and-multifunctional-food-machine-6l-bowl-king-style-mpg7036741.html,3,,,,,Yam,₦25k-50k,
Nexo 2 In 1 Blender 1.5L Perfect Blender Smoothie Maker Ideal For Healthy Drinks Bl Ch28 Xd 300W 1 Year Warranty,31990.0,57036.0,,,https://www.jumia.com.ng/nexo-2-in-1-blender-1.5l-perfect-blender-smoothie-maker-ideal-for-healthy-drinks-bl-ch28-xd-300w-1-year-warranty-418921350.html,3,,25046.0,43.91,,Nexo,₦25k-50k,
Silver Crest German Yam Pounderfood Processor 8Litres 4500W,51000.0,,5 out of 5,5 out of 5(1),https://www.jumia.com.ng/silver-crest-german-yam-pounderfood-processor-8litres-4500w-205412692.html,3,,,,,SILVER,₦50k-100k,
Nine 1.0L White Electric Kettle Stainless Steel Hr 462,21374.0,22499.0,,,https://www.jumia.com.ng/nine-1.0l-white-electric-kettle-stainless-steel-hr-462-291721328.html,3,,1125.0,5.0,,Nine,₦10k-25k,
Mr. Steel Mr Steel Electric 2L Meat Grinder Yam Pounder Processor,28199.0,32500.0,5 out of 5,5 out of 5(1),https://www.jumia.com.ng/mr.-steel-mr-steel-electric-2l-meat-grinder-yam-pounder-processor-237225353.html,3,,4301.0,13.23,,Mr.,₦25k-50k,
Sonifer Cordless Powerful Vacuum Cleaner,125400.0,162000.0,,,https://www.jumia.com.ng/sonifer-cordless-powerful-vacuum-cleaner-419173641.html,3,,36600.0,22.59,,Sonifer,₦100k-200k,
Generic 2000Watts Yam Pounder With 6Ltr Stainless Bowl Spatula,39500.0,,4 out of 5,4 out of 5(1),https://www.jumia.com.ng/generic-2000watts-yam-pounder-with-6ltr-stainless-bowl-spatula-112878031.html,3,,,,,Generic,₦25k-50k,
3 Litres Stainless Steel Anti Rust Kettle Gas Stove Generic,15105.0,15900.0,3.3 out of 5,3.3 out of 5(3),https://www.jumia.com.ng/3-litres-stainless-steel-anti-rust-kettle-gas-stove-generic-mpg6019192.html,4,,795.0,5.0,,Generic,₦10k-25k,
Bedbug Magic Powder No Chemical All Natural 10G Deadbug,3704.0,4999.0,2.5 out of 5,2.5 out of 5(2),https://www.jumia.com.ng/bedbug-magic-powder-no-chemical-all-natural-10g-deadbug-mpg8072485.html,4,,1295.0,25.91,,Generic,₦0-10k,
Cast Iron Manual Juicer Hand Press Juice Squeezer Generic,80750.0,85000.0,4.3 out of 5,4.3 out of 5(3),https://www.jumia.com.ng/cast-iron-manual-juicer-hand-press-juice-squeezer-generic-mpg5885380.html,4,,4250.0,5.0,,Generic,₦50k-100k,
Generic Raf Multi Function Juicer Heavy Duty Heating Nutrition Blender 1.8L R.2833,269824.0,999999.0,5 out of 5,5 out of 5(1),https://www.jumia.com.ng/generic-raf-multi-function-juicer-heavy-duty-heating-nutrition-blender-1.8l-r.2833-419004998.html,4,,730175.0,73.02,,Generic,₦200k+,
Genera Stainless Steel Whistling Kettle Jr002,18429.0,19399.0,,,https://www.jumia.com.ng/genera-stainless-steel-whistling-kettle-jr002-408479617.html,4,,970.0,5.0,,Generic,₦10k-25k,
Generic Wet Dry Power Vacuum Cleaner 20L Tank Capacity,123500.0,200000.0,,,https://www.jumia.com.ng/generic-wet-dry-power-vacuum-cleaner-20l-tank-capacity-388444844.html,4,,76500.0,38.25,,Generic,₦100k-200k,
Round Portable Charcoal Bbq Grill Barbecue Generic,71250.0,75000.0,4.3 out of 5,4.3 out of 5(3),https://www.jumia.com.ng/round-portable-charcoal-bbq-grill-barbecue-generic-mpg11951034.html,4,,3750.0,5.0,,Generic,₦50k-100k,
Rico Heavy Duty Fufu Maker Yam Pounder 800Watts,62000.0,85000.0,5 out of 5,5 out of 5(2),https://www.jumia.com.ng/rico-heavy-duty-fufu-maker-yam-pounder-800watts-70800135.html,4,,23000.0,27.06,,Rico,₦50k-100k,
Syinix 5L Stainless Electric Yam Pounding Machine Cooker Pounder,159999.0,,,,https://www.jumia.com.ng/syinix-5l-stainless-electric-yam-pounding-machine-cooker-pounder-216264846.html,4,,,,,Syinix,₦100k-200k,
Nine 1.5L White Stainless Steel Kettle Hr 5082,9974.0,10499.0,4.3 out of 5,4.3 out of 5(4),https://www.jumia.com.ng/nine-1.5l-white-stainless-steel-kettle-hr-5082-291724021.html,4,,525.0,5.0,,Nine,₦0-10k,
Generic Whistling Stainless Steel Kettle,,,,,https://www.jumia.com.ng/generic-whistling-stainless-steel-kettle-336462933.html,4,,,,,Generic,,
Firman Gen Smartcool Inverter 1.1Hp Ac Kit,468500.0,580000.0,,,https://www.jumia.com.ng/firman-gen-smartcool-inverter-1.1hp-ac-kit-197176464.html,4,,111500.0,19.22,,Firman,₦200k+,
Nine 1.0L Stainless Steel Electric Kettle Hr 462,21374.0,22499.0,,,https://www.jumia.com.ng/nine-1.0l-stainless-steel-electric-kettle-hr-462-279951134.html,4,,1125.0,5.0,,Nine,₦10k-25k,
Generic 5 Litres High Quality Yam Pounder And Food Processor,36800.0,,,,https://www.jumia.com.ng/generic-5-litres-high-quality-yam-pounder-and-food-processor-374571933.html,4,,,,,Generic,₦25k-50k,
King Style Kitchen Expert Yam Pounder N Food Processor 100 Copper,45000.0,,5 out of 5,5 out of 5(2),https://www.jumia.com.ng/king-style-kitchen-expert-yam-pounder-n-food-processor-100-copper-271096158.html,4,,,,,Generic,₦25k-50k,
Generic High Quality Philip Pressing Iron,42750.0,45000.0,5 out of 5,5 out of 5(1),https://www.jumia.com.ng/generic-high-quality-philip-pressing-iron-402486261.html,4,,2250.0,5.0,,Generic,₦25k-50k,
Generic Rechargeable Portable And Foldable Mini Storage Fan,25000.0,29000.0,,,https://www.jumia.com.ng/generic-rechargeable-portable-and-foldable-mini-storage-fan-379718513.html,4,,4000.0,13.79,,Generic,₦10k-25k,
Generic Yam Pounder Tiger Nut Grinder And Any Dry Grinding 3L,27500.0,39500.0,,,https://www.jumia.com.ng/generic-yam-pounder-tiger-nut-grinder-and-any-dry-grinding-3l-69010322.html,4,,12000.0,30.38,,Generic,₦25k-50k,
Heavy Duty Yam Pounder Food Processor Akai,349000.0,350000.0,4.5 out of 5,4.5 out of 5(18),https://www.jumia.com.ng/heavy-duty-yam-pounder-food-processor-akai-mpg1593582.html,4,,1000.0,0.29,,AKAI,₦200k+,
Food Processor And Yam Pounder 8.5L Panasonic,73000.0,75000.0,3.6 out of 5,3.6 out of 5(12),https://www.jumia.com.ng/food-processor-and-yam-pounder-8.5l-panasonic-mpg7011532.html,4,,2000.0,2.67,,Panasonic,₦50k-100k,
Generic 3Pcsset Luxury Insulated Food Warmer,147250.0,155000.0,,,https://www.jumia.com.ng/generic-3pcsset-luxury-insulated-food-warmer-250359247.html,4,,7750.0,5.0,,Generic,₦100k-200k,
Generic Automatic 7 Speed Electric Hand Mixer Egg Beater,11875.0,14000.0,,,https://www.jumia.com.ng/generic-automatic-7-speed-electric-hand-mixer-egg-beater-413941627.html,4,,2125.0,15.18,,Generic,₦10k-25k,
Generic Food Dehydrator,84550.0,95000.0,,,https://www.jumia.com.ng/generic-food-dehydrator-401692797.html,4,,10450.0,11.0,,Generic,₦50k-100k,
Generic Mosquito Repellent Non Toxic Bracelets 10Pcs,2500.0,7599.0,,,https://www.jumia.com.ng/generic-mosquito-repellent-non-toxic-bracelets-10pcs-76498330.html,4,,5099.0,67.1,,Generic,₦0-10k,
Generic 3 Litres Whistling Kettle Gas And Stove Kettle And I Free Brush,15105.0,15900.0,,,https://www.jumia.com.ng/generic-3-litres-whistling-kettle-gas-and-stove-kettle-and-i-free-brush-371839429.html,4,,795.0,5.0,,Generic,₦10k-25k,
Sonifer 7 In 1 Multifunction Hand Blender Set Professional Power Total Kitchen Control,68399.0,83400.0,,,https://www.jumia.com.ng/sonifer-7-in-1-multifunction-hand-blender-set-professional-power-total-kitchen-control-419171418.html,4,,15001.0,17.99,,Sonifer,₦50k-100k,
Generic 3 Litres Stainless Steel Anti Rust Kettle Gas Stove,15105.0,15900.0,4 out of 5,4 out of 5(1),https://www.jumia.com.ng/generic-3-litres-stainless-steel-anti-rust-kettle-gas-stove-72130978.html,4,,795.0,5.0,,Generic,₦10k-25k,
Generic Yam Pounder And Multifunctional Food Machine 7L Bowl,38000.0,,3 out of 5,3 out of 5(2),https://www.jumia.com.ng/generic-yam-pounder-and-multifunctional-food-machine-7l-bowl-87111364.html,4,,,,,Generic,₦25k-50k,
Rico Heavy Duty Fufu Maker Yam Pounder 700Watts,70000.0,,,,https://www.jumia.com.ng/rico-heavy-duty-fufu-maker-yam-pounder-700watts-37487711.html,4,,,,,Rico,₦50k-100k,
Pizza And Chin Chin Cutter Generic,3040.0,7700.0,3 out of 5,3 out of 5(1),https://www.jumia.com.ng/pizza-and-chin-chin-cutter-generic-mpg8431939.html,4,,4660.0,60.52,,Generic,₦0-10k,
Binatone 6 Litres All In One Yam Pounder Kc 6000,95500.0,100000.0,,,https://www.jumia.com.ng/binatone-6-litres-all-in-one-yam-pounder-kc-6000-374070071.html,4,,4500.0,4.5,,Binatone,₦50k-100k,
Generic Boston Electric Iron,18525.0,19500.0,,,https://www.jumia.com.ng/generic-boston-electric-iron-418913824.html,4,,975.0,5.0,,Generic,₦10k-25k,
Japan Yam Pounder And Multifunctional Food Machine 8.5L Nulek,60800.0,70000.0,,,https://www.jumia.com.ng/japan-yam-pounder-and-multifunctional-food-machine-8.5l-nulek-mpg6952826.html,4,,9200.0,13.14,,Generic,₦50k-100k,
Generic 50Pcs Cone Set Football Training Equipment,28025.0,29500.0,5 out of 5,5 out of 5(1),https://www.jumia.com.ng/generic-50pcs-cone-set-football-training-equipment-266413632.html,4,,1475.0,5.0,,Generic,₦25k-50k,
Emouliness Electric Dry Iron Generic,20900.0,22000.0,,,https://www.jumia.com.ng/emouliness-electric-dry-iron-generic-mpg11502992.html,4,,1100.0,5.0,,Emouliness,₦10k-25k,
Generic Mosquitos Killing Lamb,7600.0,10000.0,,,https://www.jumia.com.ng/generic-mosquitos-killing-lamb-418626396.html,4,,2400.0,24.0,,Generic,₦0-10k,
Generic Mounted Electric Shock Led Mosquito Killer Trap,22080.0,23000.0,3 out of 5,3 out of 5(1),https://www.jumia.com.ng/generic-mounted-electric-shock-led-mosquito-killer-trap-291066218.html,4,,920.0,4.0,,Generic,₦10k-25k,
Generic Deadbug Organic Cockroach Killer Insect Food Bait 3 Pieces,5699.0,9000.0,5 out of 5,5 out of 5(1),https://www.jumia.com.ng/generic-deadbug-organic-cockroach-killer-insect-food-bait-3-pieces-391096939.html,4,,3301.0,36.68,,Generic,₦0-10k,
Generic 3Pcsset Luxury Insulated Food Warmer,199500.0,210000.0,,,https://www.jumia.com.ng/generic-3pcsset-luxury-insulated-food-warmer-250360185.html,4,,10500.0,5.0,,Generic,₦100k-200k,
Generic Silver Crest 10000W 4Liters Jar Blender With Two Cups,82000.0,89000.0,,,https://www.jumia.com.ng/generic-silver-crest-10000w-4liters-jar-blender-with-two-cups-402837564.html,4,,7000.0,7.87,,Generic,₦50k-100k,
Generic Vinod Pressure Cooker 10L Stainless,142500.0,150000.0,4 out of 5,4 out of 5(1),https://www.jumia.com.ng/generic-vinod-pressure-cooker-10l-stainless-263379086.html,5,,7500.0,5.0,,Generic,₦100k-200k,
Citel Japan Electric Iron Generic,24700.0,26000.0,,,https://www.jumia.com.ng/citel-japan-electric-iron-generic-mpg11502221.html,5,,1300.0,5.0,,Citel,₦10k-25k,
Nine Stainless Steel Whistling Kettle,17575.0,18500.0,1 out of 5,1 out of 5(1),https://www.jumia.com.ng/nine-stainless-steel-whistling-kettle-348805227.html,5,,925.0,5.0,,Nine,₦10k-25k,
Rico Yam Pounder And Fufu Maker White,75000.0,,,,https://www.jumia.com.ng/rico-yam-pounder-and-fufu-maker-white-43314500.html,5,,,,,Rico,₦50k-100k,
Nine 1.5L Black Stainless Steel Kettle Hr 5082,9975.0,10500.0,4.1 out of 5,4.1 out of 5(16),https://www.jumia.com.ng/nine-1.5l-black-stainless-steel-kettle-hr-5082-279940609.html,5,,525.0,5.0,,Nine,₦0-10k,
3L Multipurpose Yam Pounder Food Processor Machine Generic,32000.0,,,,https://www.jumia.com.ng/3l-multipurpose-yam-pounder-food-processor-machine-generic-mpg9622880.html,5,,,,,Generic,₦25k-50k,
Binatone 6 Litres All In One Yam Pounder Kc 6000,88999.0,199000.0,,,https://www.jumia.com.ng/binatone-6-litres-all-in-one-yam-pounder-kc-6000-265550883.html,5,,110001.0,55.28,,Binatone,₦50k-100k,
Generic 12L Electric Food Processor Yam Pounder And Meat Grinder,95500.0,105000.0,4 out of 5,4 out of 5(1),https://www.jumia.com.ng/generic-12l-electric-food-processor-yam-pounder-and-meat-grinder-77382190.html,5,,9500.0,9.05,,Generic,₦50k-100k,
Rico Heavy Duty Fufu Maker Yam Pounder 700Watts,90250.0,95000.0,5 out of 5,5 out of 5(1),https://www.jumia.com.ng/rico-heavy-duty-fufu-maker-yam-pounder-700watts-39091105.html,5,,4750.0,5.0,,Rico,₦50k-100k,
Sonik Electric Insect Killer20W,35625.0,39000.0,,,https://www.jumia.com.ng/sonik-electric-insect-killer20w-104733346.html,5,,3375.0,8.65,,Sonik,₦25k-50k,
Generic Three Layer Plastic Dish Storage Rack With Cover,84550.0,89000.0,5 out of 5,5 out of 5(1),https://www.jumia.com.ng/generic-three-layer-plastic-dish-storage-rack-with-cover-266838421.html,5,,4450.0,5.0,,Generic,₦50k-100k,
Generic Vibro Shape Tummy Slimming Belt,33000.0,35000.0,,,https://www.jumia.com.ng/generic-vibro-shape-tummy-slimming-belt-396941783.html,5,,2000.0,5.71,,Generic,₦25k-50k,
Generic 7L Yam Pounder And Multifunctional Food Machine,39000.0,,3.3 out of 5,3.3 out of 5(3),https://www.jumia.com.ng/generic-7l-yam-pounder-and-multifunctional-food-machine-109618380.html,5,,,,,Generic,₦25k-50k,
Nine 2L Electric Kettle 902Bw,23750.0,25000.0,,,https://www.jumia.com.ng/nine-2l-electric-kettle-902bw-419052752.html,5,,1250.0,5.0,,Nine,₦10k-25k,
Generic Diamond Series Cast Aluminum Cookware Nonstick Pot,91200.0,107000.0,,,https://www.jumia.com.ng/generic-diamond-series-cast-aluminum-cookware-nonstick-pot-407280922.html,5,,15800.0,14.77,,Generic,₦50k-100k,
Generic Travel Portable Easy To Carry Folding Electric Kettle,,,,,https://www.jumia.com.ng/generic-travel-portable-easy-to-carry-folding-electric-kettle-419078595.html,5,,,,,Generic,,
Nine 1.5L White Stainless Steel Kettle Hr 5082,9975.0,10500.0,4 out of 5,4 out of 5(1),https://www.jumia.com.ng/nine-1.5l-white-stainless-steel-kettle-hr-5082-279938098.html,5,,525.0,5.0,,Nine,₦0-10k,
Sonik Electric Insect Killer16W,35910.0,38000.0,,,https://www.jumia.com.ng/sonik-electric-insect-killer16w-104733601.html,5,,2090.0,5.5,,Sonik,₦25k-50k,
Foldable Space Saving Hanger Closet Generic,,,,,https://www.jumia.com.ng/foldable-space-saving-hanger-closet-generic-mpg3738862.html,5,,,,,Generic,,
Electric Crepe Maker Pizza Pancake Machine Generic,26125.0,27500.0,,,https://www.jumia.com.ng/electric-crepe-maker-pizza-pancake-machine-generic-mpg5907130.html,5,,1375.0,5.0,,Generic,₦25k-50k,
Nine 2.5L Electric Kettle 2.5L Kettle,15675.0,16500.0,,,https://www.jumia.com.ng/nine-2.5l-electric-kettle-2.5l-kettle-419052879.html,5,,825.0,5.0,,Nine,₦10k-25k,
Binatone 6 Litres All In One Yam Pounder Kc 6000,83000.0,95000.0,,,https://www.jumia.com.ng/binatone-6-litres-all-in-one-yam-pounder-kc-6000-377121560.html,5,,12000.0,12.63,,Binatone,₦50k-100k,
Dsp Exclusive Handheld Garment Steamer 1500W,64600.0,84300.0,,,https://www.jumia.com.ng/dsp-exclusive-handheld-garment-steamer-1500w-419110062.html,5,,19700.0,23.37,,Dsp,₦50k-100k,
Generic Premium Stainless Steel 6Litre Electric Yamfufu Pounder,65500.0,68000.0,,,https://www.jumia.com.ng/generic-premium-stainless-steel-6litre-electric-yamfufu-pounder-70457173.html,5,,2500.0,3.68,,Generic,₦50k-100k,
Generic Electric Stainless Steel Yam Pounder 8Litres,48000.0,,,,https://www.jumia.com.ng/generic-electric-stainless-steel-yam-pounder-8litres-93509423.html,5,,,,,Generic,₦25k-50k,
Generic Double Bulb Solar Rechargeable Wall Mount Security Light Lamp,24225.0,25500.0,,,https://www.jumia.com.ng/generic-double-bulb-solar-rechargeable-wall-mount-security-light-lamp-412682255.html,5,,1275.0,5.0,,Generic,₦10k-25k,
5L Multi Purpose Yam Fufu Pounder Cooks Pounds Syinix,150000.0,190000.0,,,https://www.jumia.com.ng/5l-multi-purpose-yam-fufu-pounder-cooks-pounds-syinix-mpg6711730.html,5,,40000.0,21.05,,Syinix,₦100k-200k,
Legacy Yam Pounder And Multifunctional Food Machine 8L Bowl 2800W,54000.0,55000.0,3.7 out of 5,3.7 out of 5(12),https://www.jumia.com.ng/legacy-yam-pounder-and-multifunctional-food-machine-8l-bowl-2800w-72061779.html,5,,1000.0,1.82,,Legacy,₦50k-100k,
Generic Multipurpose 6Litres Electric Stainless Steel Yam Pounder,39500.0,,5 out of 5,5 out of 5(1),https://www.jumia.com.ng/generic-multipurpose-6litres-electric-stainless-steel-yam-pounder-72180492.html,5,,,,,Generic,₦25k-50k,
Generic 3Pcsset Luxury Insulated Food Warmer,247000.0,260000.0,4 out of 5,4 out of 5(1),https://www.jumia.com.ng/generic-3pcsset-luxury-insulated-food-warmer-267769561.html,5,,13000.0,5.0,,Generic,₦200k+,
Generic Non Stick Pot With Frypan,73815.0,99000.0,,,https://www.jumia.com.ng/generic-non-stick-pot-with-frypan-407316608.html,5,,25185.0,25.44,,Generic,₦50k-100k,
King Style Multifunctional Yam Pounder Food Chopper 6Liters,50000.0,90000.0,5 out of 5,5 out of 5(1),https://www.jumia.com.ng/king-style-multifunctional-yam-pounder-food-chopper-6liters-128336747.html,5,,40000.0,44.44,,Generic,₦25k-50k,
Legacy Yam Pounder And Multifunctional Food Machine 8.0L Bowl 2800W,54000.0,55000.0,3.7 out of 5,3.7 out of 5(17),https://www.jumia.com.ng/legacy-yam-pounder-and-multifunctional-food-machine-8.0l-bowl-2800w-72061595.html,5,,1000.0,1.82,,Legacy,₦50k-100k,
Generic Multifunctional Yam Pounder Food Chopper,55000.0,150000.0,,,https://www.jumia.com.ng/generic-multifunctional-yam-pounder-food-chopper-196527803.html,5,,95000.0,63.33,,Generic,₦50k-100k,
King Style 12Litres Electric Stainless Steel Yam Pounder,98900.0,,,,https://www.jumia.com.ng/king-style-12litres-electric-stainless-steel-yam-pounder-127783731.html,5,,,,,Generic,₦50k-100k,
Generic Bathroom Corner Rack Storage Organizer,23275.0,25500.0,5 out of 5,5 out of 5(1),https://www.jumia.com.ng/generic-bathroom-corner-rack-storage-organizer-377446277.html,5,,2225.0,8.73,,Generic,₦10k-25k,
King Style 12L Yam Pounder Tiger Nut Grinder And Any Dry Grinding,99900.0,,,,https://www.jumia.com.ng/king-style-12l-yam-pounder-tiger-nut-grinder-and-any-dry-grinding-126414126.html,5,,,,,Generic,₦50k-100k,
