name,price,old_price,discount,rating,reviews,link,page
Hisense WSPA503 WM 5kg Twin Tub Machine,"₦ 170,000",N/A,32%,N/A,N/A,https://www.jumia.com.ng/hisense-wspa503-wm-5kg-twin-tub-machine-71786425.html,1
3 Litres Whistling Gas & Stove Kettle,"₦ 12,000",N/A,N/A,N/A,N/A,https://www.jumia.com.ng/3-litres-whistling-gas-stove-kettle-generic-mpg9623833.html,1
Hisense 5kg Manual Washing Machine Twin Tub With Lint Filter,"₦ 162,315",N/A,26%,N/A,N/A,https://www.jumia.com.ng/hisense-5kg-manual-washing-machine-twin-tub-with-lint-filter-73456941.html,1
Binatone 3 Litres Electric Jug (CEJ-3000) - Black + 2 Years Warranty,"₦ 31,919",N/A,36%,N/A,N/A,https://www.jumia.com.ng/binatone-3-litres-electric-jug-cej-3000-black-2-years-warranty-11450074.html,1
Legacy 8L Yampounder And Multifunctional Food Machine Cooper Motor,"₦ 46,500",N/A,15%,N/A,N/A,https://www.jumia.com.ng/8l-yampounder-and-multifunctional-food-machine-cooper-motor-legacy-mpg11477566.html,1
Qasa 2 Litres (QBL-8008 Pro) Commercial Blender,"₦ 58,900",N/A,1%,N/A,N/A,https://www.jumia.com.ng/qasa-2-litres-qbl-8008-pro-commercial-blender-46283728.html,1
Binatone 1.7 Litres (CEJ-1780) Electric Kettle - White + 2 Years Warranty,"₦ 22,894",N/A,43%,N/A,N/A,https://www.jumia.com.ng/binatone-1.7-litres-cej-1780-electric-kettle-white-2-years-warranty-8936693.html,1
Binatone Steam Iron (SI-1605) - Blue + 2 Years Warranty,"₦ 16,339",N/A,36%,N/A,N/A,https://www.jumia.com.ng/binatone-steam-iron-si-1605-blue-2-years-warranty-22867919.html,1
AKAI 4.0kg Washing Machine - Spinning + Draining Function,"₦ 165,000",N/A,25%,N/A,N/A,https://www.jumia.com.ng/akai-4.0kg-washing-machine-spinning-draining-function-70586641.html,1
ActiveO Bedbug And Insect Killer With Diatomaceous Earth - 500g,"₦ 12,500",N/A,14%,N/A,N/A,https://www.jumia.com.ng/bedbug-and-insect-killer-with-diatomaceous-earth-500g-activeo-mpg1593957.html,1
"SILVER CREST German Industrial Food Crusher Blender, EXTRA MILL JAR","₦ 28,000",N/A,38%,N/A,N/A,https://www.jumia.com.ng/silver-crest-german-industrial-food-crusher-blender-extra-mill-jar-71791179.html,1
Century Quality Electric Spray & Steam Iron.,"₦ 33,000",N/A,27%,N/A,N/A,https://www.jumia.com.ng/century-quality-electric-spray-steam-iron.-71788248.html,1
Blender + Electric Cooker + Electric Kettle + Toaster,"₦ 56,000",N/A,14%,N/A,N/A,https://www.jumia.com.ng/jumia-bundles-blender-electric-cooker-electric-kettle-toaster-38592353.html,1
"SILVER CREST German Industrial 8500W Food Crusher Blender, EXTRA MILL JAR","₦ 31,000",N/A,31%,N/A,N/A,https://www.jumia.com.ng/silver-crest-german-industrial-8500w-food-crusher-blender-extra-mill-jar-72157761.html,1
SILVER CREST 2 Litres German Industrial Blender 8500W,"₦ 31,000",N/A,31%,N/A,N/A,https://www.jumia.com.ng/silver-crest-2-litres-german-industrial-blender-8500w-72172768.html,1
N/A,"₦ 5,994","₦ 7,229",N/A,3.9 out of 5,3.9 out of 5(10017),https://www.jumia.com.ng/syinix-2.2l-electric-kettle-silver-ske22u1-363941133.html,1
N/A,"₦ 6,471","₦ 7,095",N/A,3.8 out of 5,3.8 out of 5(4787),https://www.jumia.com.ng/electric-iron-pressing-clothes-1000w-hansen-mpg11131816.html,1
N/A,"₦ 8,940",N/A,N/A,3.8 out of 5,3.8 out of 5(1165),https://www.jumia.com.ng/tropicwhirl-dry-iron-1000w-white-blue-418394176.html,1
N/A,"₦ 13,759","₦ 16,515",N/A,4 out of 5,4 out of 5(3328),https://www.jumia.com.ng/binatone-dry-iron-di1255-2-years-warranty-102988845.html,1
N/A,"₦ 6,353","₦ 7,066",N/A,4 out of 5,4 out of 5(780),https://www.jumia.com.ng/boscon-1.8-liters-powerful-fast-heating-electric-jug-kettle-404625787.html,1
N/A,"₦ 12,800","₦ 20,000",N/A,4.4 out of 5,4.4 out of 5(188),https://www.jumia.com.ng/sonik-inverter-friendly-solar-pressing-iron-250w-408401756.html,1
N/A,"₦ 11,330","₦ 14,000",N/A,4.2 out of 5,4.2 out of 5(144),https://www.jumia.com.ng/ridax-bedbugs-killer-spray-404625724.html,1
N/A,"₦ 48,424","₦ 53,266",N/A,4.5 out of 5,4.5 out of 5(25),https://www.jumia.com.ng/syinix-2l-mega-crusher-1500w-heavy-duty-industrial-multipurpose-blender-pure-copper-motor-418560007.html,1
N/A,"₦ 13,300","₦ 14,000",N/A,4.3 out of 5,4.3 out of 5(124),https://www.jumia.com.ng/acdc-inverter-friendly-solar-pressing-iron-250w-sonik-mpg11508235.html,1
N/A,"₦ 65,000","₦ 95,000",N/A,3.7 out of 5,3.7 out of 5(79),https://www.jumia.com.ng/8-in-1-multi-purpose-grinder-4.0l-9500w-bardefu-mpg11939409.html,1
N/A,"₦ 12,000","₦ 25,000",N/A,4.4 out of 5,4.4 out of 5(153),https://www.jumia.com.ng/qasa-acdc-dry-iron-300w-inverter-frendly-qdl-300-408854931.html,1
N/A,"₦ 6,854","₦ 10,430",N/A,3.2 out of 5,3.2 out of 5(79),https://www.jumia.com.ng/generic-3-in-1-mini-dry-portable-handheld-usb-rechargeable-wireless-car-vacuum-cleaner-373873355.html,1
N/A,"₦ 14,900","₦ 35,900",N/A,4 out of 5,4 out of 5(33),https://www.jumia.com.ng/taigexin-hanging-electric-mosquito-insect-killer-range-lamp-6w-418490861.html,1
N/A,"₦ 33,733","₦ 40,480",N/A,4.1 out of 5,4.1 out of 5(127),https://www.jumia.com.ng/binatone-1.5-litres-blg-403-blender-black-2-years-warranty-16292546.html,1
N/A,"₦ 43,000","₦ 55,000",N/A,3.9 out of 5,3.9 out of 5(223),https://www.jumia.com.ng/silver-crest-9.0-litres-yam-pounder-food-processor-98326930.html,1
N/A,"₦ 32,205","₦ 38,650",N/A,4.5 out of 5,4.5 out of 5(160),https://www.jumia.com.ng/smooth-gliding-steam-iron-si-2410-binatone-mpg1662357.html,1
N/A,"₦ 8,075","₦ 8,500",N/A,4.1 out of 5,4.1 out of 5(184),https://www.jumia.com.ng/nine-1.8l-electric-kettle-sh-01-280233718.html,1
N/A,"₦ 13,904","₦ 23,500",N/A,3.3 out of 5,3.3 out of 5(47),https://www.jumia.com.ng/generic-electric-iron-multifunctional-dry-ironing-black-362550423.html,1
N/A,"₦ 17,880","₦ 29,800",N/A,5 out of 5,5 out of 5(2),https://www.jumia.com.ng/generic-double-sided-glass-cleaning-tool-for-windows-mirrors-and-shower-doors-418821529.html,1
N/A,"₦ 13,240","₦ 20,000",N/A,4.4 out of 5,4.4 out of 5(56),https://www.jumia.com.ng/generic-solar-inverter-low-voltage-generator-friendly-pressing-iron-418650165.html,1
N/A,"₦ 14,146","₦ 25,000",N/A,3.7 out of 5,3.7 out of 5(88),https://www.jumia.com.ng/orvica-ultraglide-steam-iron-dry-iron-energy-efficient-pro-steam-technology-infused-ceramic-soleplate-nonstick-variable-temperature-and-self-clean-function.-413268323.html,1
N/A,"₦ 5,409","₦ 11,622",N/A,3.5 out of 5,3.5 out of 5(169),https://www.jumia.com.ng/generic-electric-cup-mini-electric-cooking-pot-all-in-one-271855178.html,1
N/A,"₦ 21,605","₦ 34,270",N/A,4.1 out of 5,4.1 out of 5(81),https://www.jumia.com.ng/timbutus-wireless-vacuum-cleaner-rechargeable-for-car-home-120w-363472816.html,1
N/A,"₦ 23,810","₦ 28,575",N/A,4.5 out of 5,4.5 out of 5(310),https://www.jumia.com.ng/1.7-litres-auto-stop-electric-kettle-cej-1750-redwhite-binatone-mpg11456726.html,1
N/A,"₦ 17,714","₦ 71,883",N/A,3.6 out of 5,3.6 out of 5(16),https://www.jumia.com.ng/generic-lm-no-more-sweat-premium-auto-grinde-for-meat-grinder-fufu-pounding-machine-409001748.html,1
N/A,"₦ 8,278","₦ 29,800",N/A,3.3 out of 5,3.3 out of 5(8),https://www.jumia.com.ng/mythco-bug-zapper-racket-2-in-1-electric-fly-swatter-usb-rechargeable-4000v-high-voltage-mosquito-killer-with-180-rotation-3-layer-safety-net-for-indoor-outdoor-use-418622011.html,1
N/A,"₦ 7,450","₦ 22,350",N/A,3.2 out of 5,3.2 out of 5(6),https://www.jumia.com.ng/generic-handheld-cordless-car-vacuum-cleaner-portable-rechargeable-418573875.html,1
N/A,"₦ 39,376","₦ 45,900",N/A,5 out of 5,5 out of 5(2),https://www.jumia.com.ng/sonik-electric-insect-killer40w-104733335.html,1
N/A,"₦ 37,745","₦ 95,000",N/A,3.4 out of 5,3.4 out of 5(5),https://www.jumia.com.ng/generic-powerful-8l-food-processor-yam-pounder-machine-401072276.html,1
N/A,"₦ 18,050","₦ 19,000",N/A,3.4 out of 5,3.4 out of 5(19),https://www.jumia.com.ng/nine-3ltr-yam-pounder-food-processor-sr-jrj-3-415875965.html,1
N/A,"₦ 26,600","₦ 40,500",N/A,4 out of 5,4 out of 5(42),https://www.jumia.com.ng/qasa-2l-litres-500w-blender-grinder-qbl-20l40-eco-411766621.html,1
N/A,"₦ 8,742","₦ 22,350",N/A,3.5 out of 5,3.5 out of 5(15),https://www.jumia.com.ng/timbutus-portable-cordless-vacuum-cleaner-for-car-home-120w-413746125.html,1
N/A,"₦ 2,840","₦ 2,990",N/A,5 out of 5,5 out of 5(4),https://www.jumia.com.ng/generic-10pc-super-active-cockroach-insect-killer-repellant-418684276.html,1
N/A,"₦ 9,403","₦ 19,370",N/A,3.7 out of 5,3.7 out of 5(15),https://www.jumia.com.ng/generic-usb-folding-handheld-indoor-outdoor-mosquito-swatters-418180568.html,1
N/A,"₦ 7,990","₦ 55,000",N/A,3.7 out of 5,3.7 out of 5(61),https://www.jumia.com.ng/teknocool-cordless-electric-kettle-jug-free-gift-inside-388958106.html,1
N/A,"₦ 11,352","₦ 11,950",N/A,4.2 out of 5,4.2 out of 5(5),https://www.jumia.com.ng/generic-rechargeable-electric-shock-mosquito-killer-lamp-418572920.html,1
N/A,"₦ 112,942","₦ 175,299",N/A,4.4 out of 5,4.4 out of 5(143),https://www.jumia.com.ng/syinix-swallow-maker-fully-automatic-fufuebayam-pounder-288550293.html,1
N/A,"₦ 15,105 - ₦ 19,855","₦ 15,900 - ₦ 20,900",N/A,4.4 out of 5,4.4 out of 5(8),https://www.jumia.com.ng/generic-stainless-steel-whistling-kettlegass-stove-free-brush-336457569.html,1
N/A,"₦ 8,925","₦ 22,350",N/A,4.7 out of 5,4.7 out of 5(3),https://www.jumia.com.ng/generic-rechargeable-electric-shock-mosquito-killing-lamp-household-portable-419096858.html,1
N/A,"₦ 7,741","₦ 18,041",N/A,3.6 out of 5,3.6 out of 5(19),https://www.jumia.com.ng/generic-intelligent-rechargeable-mosquito-swatter-408161111.html,1
N/A,"₦ 9,998","₦ 21,411",N/A,3.7 out of 5,3.7 out of 5(25),https://www.jumia.com.ng/addigoes-2-in-1-electric-mosquito-swatter-lamp-rechargeable-insect-repellent-with-triple-safety-mesh-led-indicator-anti-shock-design-for-night-use-403884289.html,2
N/A,"₦ 2,995","₦ 8,225",N/A,1.7 out of 5,1.7 out of 5(3),https://www.jumia.com.ng/generic-lm-multifunctional-and-portable-small-electric-mixer-418655088.html,2
N/A,"₦ 9,025","₦ 25,000",N/A,4.3 out of 5,4.3 out of 5(3),https://www.jumia.com.ng/generic-powerful-fast-heating-electric-jug-kettle-2.0l-263075540.html,2
N/A,"₦ 23,550","₦ 32,012",N/A,4.2 out of 5,4.2 out of 5(112),https://www.jumia.com.ng/generic-rechargeable-cordless-wet-and-dry-vacuum-cleaner-150467788.html,2
N/A,"₦ 28,500","₦ 38,000",N/A,4.4 out of 5,4.4 out of 5(13),https://www.jumia.com.ng/qasa-blender-power-efficient-350w-qbl-18l40-401710809.html,2
N/A,"₦ 12,824","₦ 13,499",N/A,4.3 out of 5,4.3 out of 5(88),https://www.jumia.com.ng/nine-1.8l-electric-kettle-sh-03-279926314.html,2
N/A,"₦ 14,900","₦ 35,900",N/A,3.6 out of 5,3.6 out of 5(16),https://www.jumia.com.ng/electric-mosquito-insect-killer-range-lamp-6w-taigexin-mpg11183923.html,2
N/A,"₦ 28,880","₦ 45,000",N/A,2.5 out of 5,2.5 out of 5(2),https://www.jumia.com.ng/silver-crest-10000-watts-multifunctional-commercial-blender-with-dry-mill-67984734.html,2
N/A,"₦ 36,958","₦ 94,272",N/A,4.5 out of 5,4.5 out of 5(4),https://www.jumia.com.ng/addigoes-5l-yam-pounder-3-speed-500w-electric-meat-grinder-household-meat-grinder-electric-food-chopper-multi-function-food-processor-meat-grinder-with-handle-to-meet-the-needs-of-familyparty-and-other-occasions-418511325.html,2
N/A,"₦ 18,525","₦ 19,500",N/A,3.7 out of 5,3.7 out of 5(31),https://www.jumia.com.ng/nine-3l-yam-pounder-food-processorsr-jrj-3-415677899.html,2
N/A,"₦ 12,200","₦ 20,000",N/A,4.4 out of 5,4.4 out of 5(106),https://www.jumia.com.ng/pyramid-electric-kettle-2.2l-silver-253575450.html,2
N/A,"₦ 17,880","₦ 37,250",N/A,5 out of 5,5 out of 5(1),https://www.jumia.com.ng/generic-double-sided-glass-cleaning-tool-for-windows-mirrors-and-shower-doors-418821740.html,2
N/A,"₦ 14,300",N/A,N/A,4.3 out of 5,4.3 out of 5(134),https://www.jumia.com.ng/qasa-energy-saving-and-inverter-dry-iron-300-watts-qdl-300-311662749.html,2
N/A,"₦ 8,265","₦ 8,700",N/A,4.1 out of 5,4.1 out of 5(9),https://www.jumia.com.ng/nine-electric-food-mixer-3-speeds-wireless-portable-automatic-whisk-butter-egg-beater-baking-cake-whipper-kitchen-hand-blender-automatic-whisk-butter-egg-beater-baking-cake-whipper-kitchen-hand-blender-415680846.html,2
N/A,"₦ 43,000","₦ 56,000",N/A,4.4 out of 5,4.4 out of 5(29),https://www.jumia.com.ng/silver-crest-9.0litres-yam-pounder-food-processor-75675793.html,2
N/A,"₦ 30,200","₦ 41,748",N/A,3.5 out of 5,3.5 out of 5(17),https://www.jumia.com.ng/generic-portable-handheld-vacuum-cleaner-high-power-strong-suction-257936066.html,2
N/A,"₦ 7,600","₦ 8,000",N/A,5 out of 5,5 out of 5(3),https://www.jumia.com.ng/generic-iron-teflon-shoe-407678056.html,2
N/A,"₦ 18,500","₦ 26,820",N/A,4.1 out of 5,4.1 out of 5(17),https://www.jumia.com.ng/generic-iron-multifunctional-dry-ironing-steaming-1800w-black-362550563.html,2
N/A,"₦ 10,010","₦ 14,528",N/A,4 out of 5,4 out of 5(1),https://www.jumia.com.ng/generic-rechargeable-electric-mosquito-killer-bat-swatter1200mah-408154795.html,2
N/A,"₦ 28,310","₦ 35,000",N/A,4.5 out of 5,4.5 out of 5(2),https://www.jumia.com.ng/sonik-electric-insect-killer12w-104733604.html,2
N/A,"₦ 8,549","₦ 10,999",N/A,5 out of 5,5 out of 5(2),https://www.jumia.com.ng/deadbug-deadbug-organic-cockroach-killer-50ml-x-2-pieces-food-bait-391071859.html,2
N/A,"₦ 39,899","₦ 42,500",N/A,N/A,N/A,https://www.jumia.com.ng/sonik-electric-insect-killer30w-104733295.html,2
N/A,"₦ 5,224","₦ 7,499",N/A,4 out of 5,4 out of 5(2),https://www.jumia.com.ng/deadbug-deadbug-organic-rat-bait-balls-365432030.html,2
N/A,"₦ 39,515","₦ 104,300",N/A,5 out of 5,5 out of 5(2),https://www.jumia.com.ng/generic-premium-luxury-mosquito-zapper-1-electric-bug-fly-killer-4200v-high-voltage-3-prong-plug-indoor-outdoor-use-durable-abs-plastic-220v-240v-black-418079140.html,2
N/A,"₦ 73,000","₦ 75,000",N/A,4.1 out of 5,4.1 out of 5(49),https://www.jumia.com.ng/food-processor-and-yam-pounding-machine-century-mpg1240790.html,2
N/A,"₦ 3,325","₦ 3,500",N/A,2.7 out of 5,2.7 out of 5(3),https://www.jumia.com.ng/generic-usb-powered-electric-shock-mosquito-killer-418622995.html,2
N/A,"₦ 17,475","₦ 18,433",N/A,3.5 out of 5,3.5 out of 5(2),https://www.jumia.com.ng/generic-usb-electric-mosquito-killer-lamp-powerful-mosquito-killer-344619980.html,2
N/A,"₦ 44,365","₦ 67,000",N/A,4 out of 5,4 out of 5(1),https://www.jumia.com.ng/legacy-yam-pounder-tiger-nut-grinder-any-dry-grinding-8.0l-122044993.html,2
N/A,"₦ 12,824","₦ 13,499",N/A,4.1 out of 5,4.1 out of 5(48),https://www.jumia.com.ng/nine-1.8l-electric-kettle-sh-02-279926809.html,2
N/A,"₦ 12,349","₦ 16,999",N/A,3.7 out of 5,3.7 out of 5(7),https://www.jumia.com.ng/organic-cockroach-killer-buy-3-get-1-free-deadbug-mpg9209043.html,2
N/A,"₦ 43,900","₦ 86,120",N/A,4.1 out of 5,4.1 out of 5(47),https://www.jumia.com.ng/binatone-1.5-litres-blg-620-blendergrinder-with-stick-black-16641656.html,2
N/A,"₦ 10,666","₦ 14,900",N/A,3.5 out of 5,3.5 out of 5(2),https://www.jumia.com.ng/generic-mini-compact-portable-car-vacuum-cleaner-for-car-and-home-usb-wireless-rechargeable-418458531.html,2
N/A,"₦ 14,597","₦ 19,110",N/A,N/A,N/A,https://www.jumia.com.ng/generic-360-uv-light-electric-mosquito-killer-lamp-rechargeable-shock-mosquito-zapper-for-bedroom-camping-418842339.html,2
N/A,"₦ 45,000","₦ 67,000",N/A,3.9 out of 5,3.9 out of 5(8),https://www.jumia.com.ng/pinnacle-8.5litres-yam-pounderfood-processor-3200w-180243207.html,2
N/A,"₦ 45,000","₦ 65,000",N/A,4.8 out of 5,4.8 out of 5(10),https://www.jumia.com.ng/generic-yam-pounder-and-multifunctional-food-machine-big-bowl-249088709.html,2
N/A,"₦ 75,000","₦ 95,000",N/A,N/A,N/A,https://www.jumia.com.ng/silver-crest-8litres-silvercrest-german-yam-pounderfood-processor-3500w-212483415.html,2
N/A,"₦ 25,999","₦ 30,000",N/A,3.2 out of 5,3.2 out of 5(6),https://www.jumia.com.ng/gourmet-multifunctional-food-processoryam-pounder-3l-404317199.html,2
N/A,"₦ 12,350","₦ 13,000",N/A,N/A,N/A,https://www.jumia.com.ng/generic-iron-teflon-2-pieces-418752227.html,2
N/A,"₦ 17,640","₦ 58,800",N/A,N/A,N/A,https://www.jumia.com.ng/generic-3-in-1-type-c-rechargeable-electric-blendermixerfood-choppergrinder-milky-color2304-stainless-steel-tritan-bpa-free-beaters-for-whipping-eggscreamgrind-spicesmixing-baby-foodportable-kitchen-helper-for-baking-cooking-gifts-for-wife-418865322.html,2
N/A,"₦ 4,559","₦ 6,499",N/A,3.5 out of 5,3.5 out of 5(17),https://www.jumia.com.ng/deadbug-bedbug-magic-powder-no-chemical-all-natural-10g-x-3-216668048.html,2
N/A,"₦ 8,550","₦ 15,000",N/A,5 out of 5,5 out of 5(1),https://www.jumia.com.ng/fast-heating-electric-jug-kettle-generic-mpg9589759.html,3
N/A,"₦ 155,999","₦ 160,000",N/A,4 out of 5,4 out of 5(1),https://www.jumia.com.ng/syinix-5l-stainless-electric-yam-pounding-machine-cooker-pounder-216264826.html,3
N/A,"₦ 9,024","₦ 11,499",N/A,3.8 out of 5,3.8 out of 5(12),https://www.jumia.com.ng/deadbug-organic-no-chemical-bedbug-killer-2-bottles-264007385.html,3
N/A,"₦ 2,185","₦ 10,900",N/A,4.4 out of 5,4.4 out of 5(7),https://www.jumia.com.ng/two-2-flexible-usb-led-lights-for-computers-keyboards-generic-mpg9596932.html,3
N/A,"₦ 11,500","₦ 12,599",N/A,5 out of 5,5 out of 5(1),https://www.jumia.com.ng/generic-quality-rechargeable-electric-mosquito-killer-bat-swatter-262921684.html,3
N/A,"₦ 8,450","₦ 18,790",N/A,4.2 out of 5,4.2 out of 5(120),https://www.jumia.com.ng/world-most-fastest-hot-water-heater-kettle-itel-mpg3885250.html,3
N/A,"₦ 54,000","₦ 65,000",N/A,N/A,N/A,https://www.jumia.com.ng/legacy-8.0litres-yam-pounder-food-processor-2800-104756228.html,3
N/A,"₦ 7,410","₦ 7,800",N/A,N/A,N/A,https://www.jumia.com.ng/generic-rechargeable-usb-powered-mosquito-repellant-418541676.html,3
N/A,"₦ 11,040","₦ 11,500",N/A,2 out of 5,2 out of 5(4),https://www.jumia.com.ng/generic-super-foldable-collapsible-mini-silicone-electric-kettle-401966340.html,3
N/A,"₦ 15,900 - ₦ 19,855","₦ 15,900 - ₦ 20,900",N/A,N/A,N/A,https://www.jumia.com.ng/generic-stainless-steel-quality-kettlegass-stove-free-brush-358010758.html,3
N/A,"₦ 54,000","₦ 55,000",N/A,4 out of 5,4 out of 5(4),https://www.jumia.com.ng/food-processor-and-yam-pounder-1000w-century-mpg1238372.html,3
N/A,"₦ 15,900 - ₦ 19,949","₦ 15,900 - ₦ 20,999",N/A,N/A,N/A,https://www.jumia.com.ng/generic-stainless-steel-quality-kettlegass-stove-free-brush-336465019.html,3
N/A,"₦ 17,100","₦ 18,000",N/A,4.5 out of 5,4.5 out of 5(2),https://www.jumia.com.ng/generic-stainless-steel-boiling-water-kettle-for-gas-stove-4-litres-407383855.html,3
N/A,"₦ 9,310","₦ 9,800",N/A,3 out of 5,3 out of 5(2),https://www.jumia.com.ng/tower-aluminium-kettle-3-litre-407234871.html,3
N/A,"₦ 124,999","₦ 250,000",N/A,4.8 out of 5,4.8 out of 5(5),https://www.jumia.com.ng/1000w-home-solar-lighting-system-for-tv-laptop-and-lights-souer-mpg7423958.html,3
N/A,"₦ 16,055","₦ 16,900",N/A,N/A,N/A,https://www.jumia.com.ng/generic-4-litres-whistling-kettle-and-1-free-dish-washing-liquid-soap-brush-367415913.html,3
N/A,"₦ 72,000",N/A,N/A,3.5 out of 5,3.5 out of 5(2),https://www.jumia.com.ng/generic-12-litre-multifunction-fufu-yam-pounderfood-processor-80677874.html,3
N/A,"₦ 41,705","₦ 43,900",N/A,5 out of 5,5 out of 5(2),https://www.jumia.com.ng/electric-kettle-5.2-litres-master-chef-mpg2945160.html,3
N/A,"₦ 37,999",N/A,N/A,4.2 out of 5,4.2 out of 5(11),https://www.jumia.com.ng/generic-yam-pounder-and-food-chopper-8lt-401670258.html,3
N/A,"₦ 7,990","₦ 35,000",N/A,3.9 out of 5,3.9 out of 5(15),https://www.jumia.com.ng/1.7-electric-kettle-jug-1700watts-ike17e1-itel-mpg3411939.html,3
N/A,"₦ 38,000",N/A,N/A,4.5 out of 5,4.5 out of 5(2),https://www.jumia.com.ng/generic-6ltr-yam-pounder-meat-grinder-fruits-nut-beans-blender-90712583.html,3
N/A,"₦ 14,249","₦ 19,999",N/A,4 out of 5,4 out of 5(8),https://www.jumia.com.ng/deadbug-organic-no-chemical-bedbug-killer-4-bottles-264007251.html,3
N/A,"₦ 49,400 - ₦ 63,650","₦ 52,000 - ₦ 67,000",N/A,1 out of 5,1 out of 5(1),https://www.jumia.com.ng/generic-cordless-pressure-gun-washer-portable-high-power-washer-gun-rechargeable-high-pressure-water-spray-gun-car-washer-cleaner-garden-washer-48v-412879093.html,3
N/A,"₦ 85,500",N/A,N/A,N/A,N/A,https://www.jumia.com.ng/generic-century-food-processor-and-yam-pounder-1000watts-401651238.html,3
N/A,"₦ 9,974","₦ 10,499",N/A,3 out of 5,3 out of 5(2),https://www.jumia.com.ng/nine-1.5l-black-kettle-stainless-steel-hr-462-291719362.html,3
N/A,"₦ 18,525","₦ 19,500",N/A,3.7 out of 5,3.7 out of 5(90),https://www.jumia.com.ng/nine-3l-yam-pounder-food-processor-sr-jrj-3-272105402.html,3
N/A,"₦ 15,200","₦ 25,000",N/A,N/A,N/A,https://www.jumia.com.ng/generic-beautiful-valentines-day-gift-419169215.html,3
N/A,"₦ 43,225","₦ 45,500",N/A,5 out of 5,5 out of 5(1),https://www.jumia.com.ng/generic-world-global-map-earth-teaching-geography-map-266961886.html,3
N/A,"₦ 15,105","₦ 25,000",N/A,N/A,N/A,https://www.jumia.com.ng/generic-stainless-steel-whistling-kettle-4-litres-for-stove-and-gas-use-346558428.html,3
N/A,"₦ 14,249","₦ 19,999",N/A,3 out of 5,3 out of 5(2),https://www.jumia.com.ng/deadbug-organic-cockroach-killer-buy-4-get-1-free-odorless-100000960.html,3
N/A,"₦ 43,000","₦ 55,000",N/A,3.8 out of 5,3.8 out of 5(4),https://www.jumia.com.ng/8.0litres-yam-pounderfood-processor-2800w-legacy-mpg6261091.html,3
N/A,"₦ 42,750","₦ 45,000",N/A,N/A,N/A,https://www.jumia.com.ng/generic-philip-electric-iron-402486264.html,3
N/A,"₦ 5,604","₦ 8,999",N/A,5 out of 5,5 out of 5(2),https://www.jumia.com.ng/deadbug-bedbug-magic-powder-x-5-pcs-no-chemical-391092761.html,3
N/A,"₦ 38,500",N/A,N/A,3.8 out of 5,3.8 out of 5(5),https://www.jumia.com.ng/yam-pounder-and-multifunctional-food-machine-6l-bowl-king-style-mpg7036741.html,3
N/A,"₦ 31,990","₦ 57,036",N/A,N/A,N/A,https://www.jumia.com.ng/nexo-2-in-1-blender-1.5l-perfect-blender-smoothie-maker-ideal-for-healthy-drinks-bl-ch28-xd-300w-1-year-warranty-418921350.html,3
N/A,"₦ 51,000",N/A,N/A,5 out of 5,5 out of 5(1),https://www.jumia.com.ng/silver-crest-german-yam-pounderfood-processor-8litres-4500w-205412692.html,3
N/A,"₦ 21,374","₦ 22,499",N/A,N/A,N/A,https://www.jumia.com.ng/nine-1.0l-white-electric-kettle-stainless-steel-hr-462-291721328.html,3
N/A,"₦ 28,199","₦ 32,500",N/A,5 out of 5,5 out of 5(1),https://www.jumia.com.ng/mr.-steel-mr-steel-electric-2l-meat-grinder-yam-pounder-processor-237225353.html,3
N/A,"₦ 125,400","₦ 162,000",N/A,N/A,N/A,https://www.jumia.com.ng/sonifer-cordless-powerful-vacuum-cleaner-419173641.html,3
N/A,"₦ 39,500",N/A,N/A,4 out of 5,4 out of 5(1),https://www.jumia.com.ng/generic-2000watts-yam-pounder-with-6ltr-stainless-bowl-spatula-112878031.html,3
N/A,"₦ 15,105","₦ 15,900",N/A,3.3 out of 5,3.3 out of 5(3),https://www.jumia.com.ng/3-litres-stainless-steel-anti-rust-kettle-gas-stove-generic-mpg6019192.html,4
N/A,"₦ 3,704","₦ 4,999",N/A,2.5 out of 5,2.5 out of 5(2),https://www.jumia.com.ng/bedbug-magic-powder-no-chemical-all-natural-10g-deadbug-mpg8072485.html,4
N/A,"₦ 80,750","₦ 85,000",N/A,4.3 out of 5,4.3 out of 5(3),https://www.jumia.com.ng/cast-iron-manual-juicer-hand-press-juice-squeezer-generic-mpg5885380.html,4
N/A,"₦ 269,824","₦ 999,999",N/A,5 out of 5,5 out of 5(1),https://www.jumia.com.ng/generic-raf-multi-function-juicer-heavy-duty-heating-nutrition-blender-1.8l-r.2833-419004998.html,4
N/A,"₦ 18,429","₦ 19,399",N/A,N/A,N/A,https://www.jumia.com.ng/genera-stainless-steel-whistling-kettle-jr002-408479617.html,4
N/A,"₦ 123,500","₦ 200,000",N/A,N/A,N/A,https://www.jumia.com.ng/generic-wet-dry-power-vacuum-cleaner-20l-tank-capacity-388444844.html,4
N/A,"₦ 71,250","₦ 75,000",N/A,4.3 out of 5,4.3 out of 5(3),https://www.jumia.com.ng/round-portable-charcoal-bbq-grill-barbecue-generic-mpg11951034.html,4
N/A,"₦ 62,000","₦ 85,000",N/A,5 out of 5,5 out of 5(2),https://www.jumia.com.ng/rico-heavy-duty-fufu-maker-yam-pounder-800watts-70800135.html,4
N/A,"₦ 159,999",N/A,N/A,N/A,N/A,https://www.jumia.com.ng/syinix-5l-stainless-electric-yam-pounding-machine-cooker-pounder-216264846.html,4
N/A,"₦ 9,974","₦ 10,499",N/A,4.3 out of 5,4.3 out of 5(4),https://www.jumia.com.ng/nine-1.5l-white-stainless-steel-kettle-hr-5082-291724021.html,4
N/A,"₦ 15,105 - ₦ 19,855","₦ 15,900 - ₦ 19,999",N/A,N/A,N/A,https://www.jumia.com.ng/generic-whistling-stainless-steel-kettle-336462933.html,4
N/A,"₦ 468,500","₦ 580,000",N/A,N/A,N/A,https://www.jumia.com.ng/firman-gen-smartcool-inverter-1.1hp-ac-kit-197176464.html,4
N/A,"₦ 21,374","₦ 22,499",N/A,N/A,N/A,https://www.jumia.com.ng/nine-1.0l-stainless-steel-electric-kettle-hr-462-279951134.html,4
N/A,"₦ 36,800",N/A,N/A,N/A,N/A,https://www.jumia.com.ng/generic-5-litres-high-quality-yam-pounder-and-food-processor-374571933.html,4
N/A,"₦ 45,000",N/A,N/A,5 out of 5,5 out of 5(2),https://www.jumia.com.ng/king-style-kitchen-expert-yam-pounder-n-food-processor-100-copper-271096158.html,4
N/A,"₦ 42,750","₦ 45,000",N/A,5 out of 5,5 out of 5(1),https://www.jumia.com.ng/generic-high-quality-philip-pressing-iron-402486261.html,4
N/A,"₦ 25,000","₦ 29,000",N/A,N/A,N/A,https://www.jumia.com.ng/generic-rechargeable-portable-and-foldable-mini-storage-fan-379718513.html,4
N/A,"₦ 27,500","₦ 39,500",N/A,N/A,N/A,https://www.jumia.com.ng/generic-yam-pounder-tiger-nut-grinder-and-any-dry-grinding-3l-69010322.html,4
N/A,"₦ 349,000","₦ 350,000",N/A,4.5 out of 5,4.5 out of 5(18),https://www.jumia.com.ng/heavy-duty-yam-pounder-food-processor-akai-mpg1593582.html,4
N/A,"₦ 73,000","₦ 75,000",N/A,3.6 out of 5,3.6 out of 5(12),https://www.jumia.com.ng/food-processor-and-yam-pounder-8.5l-panasonic-mpg7011532.html,4
N/A,"₦ 147,250","₦ 155,000",N/A,N/A,N/A,https://www.jumia.com.ng/generic-3pcsset-luxury-insulated-food-warmer-250359247.html,4
N/A,"₦ 11,875","₦ 14,000",N/A,N/A,N/A,https://www.jumia.com.ng/generic-automatic-7-speed-electric-hand-mixer-egg-beater-413941627.html,4
N/A,"₦ 84,550","₦ 95,000",N/A,N/A,N/A,https://www.jumia.com.ng/generic-food-dehydrator-401692797.html,4
N/A,"₦ 2,500","₦ 7,599",N/A,N/A,N/A,https://www.jumia.com.ng/generic-mosquito-repellent-non-toxic-bracelets-10pcs-76498330.html,4
N/A,"₦ 15,105","₦ 15,900",N/A,N/A,N/A,https://www.jumia.com.ng/generic-3-litres-whistling-kettle-gas-and-stove-kettle-and-i-free-brush-371839429.html,4
N/A,"₦ 68,399","₦ 83,400",N/A,N/A,N/A,https://www.jumia.com.ng/sonifer-7-in-1-multifunction-hand-blender-set-professional-power-total-kitchen-control-419171418.html,4
N/A,"₦ 15,105","₦ 15,900",N/A,4 out of 5,4 out of 5(1),https://www.jumia.com.ng/generic-3-litres-stainless-steel-anti-rust-kettle-gas-stove-72130978.html,4
N/A,"₦ 38,000",N/A,N/A,3 out of 5,3 out of 5(2),https://www.jumia.com.ng/generic-yam-pounder-and-multifunctional-food-machine-7l-bowl-87111364.html,4
N/A,"₦ 70,000",N/A,N/A,N/A,N/A,https://www.jumia.com.ng/rico-heavy-duty-fufu-maker-yam-pounder-700watts-37487711.html,4
N/A,"₦ 3,040","₦ 7,700",N/A,3 out of 5,3 out of 5(1),https://www.jumia.com.ng/pizza-and-chin-chin-cutter-generic-mpg8431939.html,4
N/A,"₦ 95,500","₦ 100,000",N/A,N/A,N/A,https://www.jumia.com.ng/binatone-6-litres-all-in-one-yam-pounder-kc-6000-374070071.html,4
N/A,"₦ 18,525","₦ 19,500",N/A,N/A,N/A,https://www.jumia.com.ng/generic-boston-electric-iron-418913824.html,4
N/A,"₦ 60,800","₦ 70,000",N/A,N/A,N/A,https://www.jumia.com.ng/japan-yam-pounder-and-multifunctional-food-machine-8.5l-nulek-mpg6952826.html,4
N/A,"₦ 28,025","₦ 29,500",N/A,5 out of 5,5 out of 5(1),https://www.jumia.com.ng/generic-50pcs-cone-set-football-training-equipment-266413632.html,4
N/A,"₦ 20,900","₦ 22,000",N/A,N/A,N/A,https://www.jumia.com.ng/emouliness-electric-dry-iron-generic-mpg11502992.html,4
N/A,"₦ 7,600","₦ 10,000",N/A,N/A,N/A,https://www.jumia.com.ng/generic-mosquitos-killing-lamb-418626396.html,4
N/A,"₦ 22,080","₦ 23,000",N/A,3 out of 5,3 out of 5(1),https://www.jumia.com.ng/generic-mounted-electric-shock-led-mosquito-killer-trap-291066218.html,4
N/A,"₦ 5,699","₦ 9,000",N/A,5 out of 5,5 out of 5(1),https://www.jumia.com.ng/generic-deadbug-organic-cockroach-killer-insect-food-bait-3-pieces-391096939.html,4
N/A,"₦ 199,500","₦ 210,000",N/A,N/A,N/A,https://www.jumia.com.ng/generic-3pcsset-luxury-insulated-food-warmer-250360185.html,4
N/A,"₦ 82,000","₦ 89,000",N/A,N/A,N/A,https://www.jumia.com.ng/generic-silver-crest-10000w-4liters-jar-blender-with-two-cups-402837564.html,4
N/A,"₦ 142,500","₦ 150,000",N/A,4 out of 5,4 out of 5(1),https://www.jumia.com.ng/generic-vinod-pressure-cooker-10l-stainless-263379086.html,5
N/A,"₦ 24,700","₦ 26,000",N/A,N/A,N/A,https://www.jumia.com.ng/citel-japan-electric-iron-generic-mpg11502221.html,5
N/A,"₦ 17,575","₦ 18,500",N/A,1 out of 5,1 out of 5(1),https://www.jumia.com.ng/nine-stainless-steel-whistling-kettle-348805227.html,5
N/A,"₦ 75,000",N/A,N/A,N/A,N/A,https://www.jumia.com.ng/rico-yam-pounder-and-fufu-maker-white-43314500.html,5
N/A,"₦ 9,975","₦ 10,500",N/A,4.1 out of 5,4.1 out of 5(16),https://www.jumia.com.ng/nine-1.5l-black-stainless-steel-kettle-hr-5082-279940609.html,5
N/A,"₦ 32,000",N/A,N/A,N/A,N/A,https://www.jumia.com.ng/3l-multipurpose-yam-pounder-food-processor-machine-generic-mpg9622880.html,5
N/A,"₦ 88,999","₦ 199,000",N/A,N/A,N/A,https://www.jumia.com.ng/binatone-6-litres-all-in-one-yam-pounder-kc-6000-265550883.html,5
N/A,"₦ 95,500","₦ 105,000",N/A,4 out of 5,4 out of 5(1),https://www.jumia.com.ng/generic-12l-electric-food-processor-yam-pounder-and-meat-grinder-77382190.html,5
N/A,"₦ 90,250","₦ 95,000",N/A,5 out of 5,5 out of 5(1),https://www.jumia.com.ng/rico-heavy-duty-fufu-maker-yam-pounder-700watts-39091105.html,5
N/A,"₦ 35,625","₦ 39,000",N/A,N/A,N/A,https://www.jumia.com.ng/sonik-electric-insect-killer20w-104733346.html,5
N/A,"₦ 84,550","₦ 89,000",N/A,5 out of 5,5 out of 5(1),https://www.jumia.com.ng/generic-three-layer-plastic-dish-storage-rack-with-cover-266838421.html,5
N/A,"₦ 75,000","₦ 90,000",N/A,N/A,N/A,https://www.jumia.com.ng/silver-crest-8litres-silvercrest-german-yam-pounderfood-processor-3500w-207362600.html,5
N/A,"₦ 33,000","₦ 35,000",N/A,N/A,N/A,https://www.jumia.com.ng/generic-vibro-shape-tummy-slimming-belt-396941783.html,5
N/A,"₦ 39,000",N/A,N/A,3.3 out of 5,3.3 out of 5(3),https://www.jumia.com.ng/generic-7l-yam-pounder-and-multifunctional-food-machine-109618380.html,5
N/A,"₦ 23,750","₦ 25,000",N/A,N/A,N/A,https://www.jumia.com.ng/nine-2l-electric-kettle-902bw-419052752.html,5
N/A,"₦ 91,200","₦ 107,000",N/A,N/A,N/A,https://www.jumia.com.ng/generic-diamond-series-cast-aluminum-cookware-nonstick-pot-407280922.html,5
N/A,"₦ 349,000","₦ 350,000",N/A,4 out of 5,4 out of 5(7),https://www.jumia.com.ng/heavy-duty-yam-pounder-food-processor-akai-mpg1471552.html,5
N/A,"₦ 14,249 - ₦ 15,900","₦ 14,900 - ₦ 15,900",N/A,N/A,N/A,https://www.jumia.com.ng/generic-travel-portable-easy-to-carry-folding-electric-kettle-419078595.html,5
N/A,"₦ 9,975","₦ 10,500",N/A,4 out of 5,4 out of 5(1),https://www.jumia.com.ng/nine-1.5l-white-stainless-steel-kettle-hr-5082-279938098.html,5
N/A,"₦ 35,910","₦ 38,000",N/A,N/A,N/A,https://www.jumia.com.ng/sonik-electric-insect-killer16w-104733601.html,5
N/A,"₦ 14,725 - ₦ 26,125","₦ 15,500 - ₦ 27,500",N/A,N/A,N/A,https://www.jumia.com.ng/foldable-space-saving-hanger-closet-generic-mpg3738862.html,5
N/A,"₦ 26,125","₦ 27,500",N/A,N/A,N/A,https://www.jumia.com.ng/electric-crepe-maker-pizza-pancake-machine-generic-mpg5907130.html,5
N/A,"₦ 15,675","₦ 16,500",N/A,N/A,N/A,https://www.jumia.com.ng/nine-2.5l-electric-kettle-2.5l-kettle-419052879.html,5
N/A,"₦ 83,000","₦ 95,000",N/A,N/A,N/A,https://www.jumia.com.ng/binatone-6-litres-all-in-one-yam-pounder-kc-6000-377121560.html,5
N/A,"₦ 64,600","₦ 84,300",N/A,N/A,N/A,https://www.jumia.com.ng/dsp-exclusive-handheld-garment-steamer-1500w-419110062.html,5
N/A,"₦ 65,500","₦ 68,000",N/A,N/A,N/A,https://www.jumia.com.ng/generic-premium-stainless-steel-6litre-electric-yamfufu-pounder-70457173.html,5
N/A,"₦ 48,000",N/A,N/A,N/A,N/A,https://www.jumia.com.ng/generic-electric-stainless-steel-yam-pounder-8litres-93509423.html,5
N/A,"₦ 9,975","₦ 10,500",N/A,5 out of 5,5 out of 5(1),https://www.jumia.com.ng/nine-1.5l-white-stainless-steel-kettle-hr-5082-291724072.html,5
N/A,"₦ 24,225","₦ 25,500",N/A,N/A,N/A,https://www.jumia.com.ng/generic-double-bulb-solar-rechargeable-wall-mount-security-light-lamp-412682255.html,5
N/A,"₦ 150,000","₦ 190,000",N/A,N/A,N/A,https://www.jumia.com.ng/5l-multi-purpose-yam-fufu-pounder-cooks-pounds-syinix-mpg6711730.html,5
N/A,"₦ 54,000","₦ 55,000",N/A,3.7 out of 5,3.7 out of 5(12),https://www.jumia.com.ng/legacy-yam-pounder-and-multifunctional-food-machine-8l-bowl-2800w-72061779.html,5
N/A,"₦ 39,500",N/A,N/A,5 out of 5,5 out of 5(1),https://www.jumia.com.ng/generic-multipurpose-6litres-electric-stainless-steel-yam-pounder-72180492.html,5
N/A,"₦ 247,000","₦ 260,000",N/A,4 out of 5,4 out of 5(1),https://www.jumia.com.ng/generic-3pcsset-luxury-insulated-food-warmer-267769561.html,5
N/A,"₦ 73,815","₦ 99,000",N/A,N/A,N/A,https://www.jumia.com.ng/generic-non-stick-pot-with-frypan-407316608.html,5
N/A,"₦ 50,000","₦ 90,000",N/A,5 out of 5,5 out of 5(1),https://www.jumia.com.ng/king-style-multifunctional-yam-pounder-food-chopper-6liters-128336747.html,5
N/A,"₦ 54,000","₦ 55,000",N/A,3.7 out of 5,3.7 out of 5(17),https://www.jumia.com.ng/legacy-yam-pounder-and-multifunctional-food-machine-8.0l-bowl-2800w-72061595.html,5
N/A,"₦ 55,000","₦ 150,000",N/A,N/A,N/A,https://www.jumia.com.ng/generic-multifunctional-yam-pounder-food-chopper-196527803.html,5
N/A,"₦ 98,900",N/A,N/A,N/A,N/A,https://www.jumia.com.ng/king-style-12litres-electric-stainless-steel-yam-pounder-127783731.html,5
N/A,"₦ 23,275","₦ 25,500",N/A,5 out of 5,5 out of 5(1),https://www.jumia.com.ng/generic-bathroom-corner-rack-storage-organizer-377446277.html,5
N/A,"₦ 99,900",N/A,N/A,N/A,N/A,https://www.jumia.com.ng/king-style-12l-yam-pounder-tiger-nut-grinder-and-any-dry-grinding-126414126.html,5
